;reer;reer_bis;pi;cpi;pce;mon_pol;mon_pol_CW;mon_pol_RBNZ
01.01.1964;;138.91;28.579;13.05391596;18.039;3.48;3.48;3.48
02.01.1964;;138.93;28.7728;13.04125864;18.074;3.48;3.48;3.48
03.01.1964;;138.9;28.7728;13.05391596;18.09;3.43;3.43;3.43
04.01.1964;;138.94;29.2436;13.05813507;18.107;3.47;3.47;3.47
05.01.1964;;143.83;29.4098;13.07079239;18.123;3.5;3.5;3.5
06.01.1964;;143.87;29.4928;13.08344971;18.136;3.5;3.5;3.5
07.01.1964;;143.9;29.6867;13.08766882;18.154;3.42;3.42;3.42
08.01.1964;;143.83;29.8805;13.10032614;18.177;3.5;3.5;3.5
09.01.1964;;143.65;29.9913;13.11298346;18.185;3.45;3.45;3.45
10.01.1964;;143.63;29.5759;13.12985988;18.192;3.36;3.36;3.36
11.01.1964;;143.54;30.4898;13.16783184;18.218;3.52;3.52;3.52
12.01.1964;;143.33;30.8498;13.18470827;18.244;3.85;3.85;3.85
01.01.1965;;143.28;31.1821;13.19736559;18.268;3.9;3.9;3.9
02.01.1965;;143.37;31.376;13.19736559;18.291;3.98;3.98;3.98
03.01.1965;;143.78;31.7913;13.21002291;18.301;4.04;4.04;4.04
04.01.1965;;143.87;31.9298;13.23955666;18.323;4.09;4.09;4.09
05.01.1965;;144.17;32.179;13.28174772;18.357;4.1;4.1;4.1
06.01.1965;;144.27;32.4283;13.33659611;18.352;4.04;4.04;4.04
07.01.1965;;144.46;32.7329;13.32393879;18.37;4.09;4.09;4.09
08.01.1965;;144.35;32.8713;13.31128147;18.405;4.12;4.12;4.12
09.01.1965;;144.25;32.9544;13.34081522;18.427;4.01;4.01;4.01
10.01.1965;;144.17;33.2868;13.35347254;18.42;4.08;4.08;4.08
11.01.1965;;144.06;33.4252;13.3956636;18.455;4.1;4.1;4.1
12.01.1965;;144.06;33.8406;13.43785467;18.511;4.32;4.32;4.32
01.01.1966;;144.06;34.1729;13.45051199;18.516;4.42;4.42;4.42
02.01.1966;;144.22;34.3945;13.53489412;18.562;4.6;4.6;4.6
03.01.1966;;144.2;34.8652;13.57708519;18.585;4.65;4.65;4.65
04.01.1966;;144.33;34.9206;13.61927625;18.651;4.67;4.67;4.67
05.01.1966;;144.3;35.2529;13.64881;18.701;4.9;4.9;4.9
06.01.1966;;144.28;35.4191;13.66146732;18.762;5.17;5.17;5.17
07.01.1966;;144.2;35.6129;13.69100107;18.817;5.3;5.3;5.3
08.01.1966;;144.2;35.6406;13.7753832;18.852;5.53;5.53;5.53
09.01.1966;;144.28;35.9729;13.81757427;18.909;5.4;5.4;5.4
10.01.1966;;144.38;36.2221;13.85976533;18.971;5.53;5.53;5.53
11.01.1966;;144.43;35.9729;13.87242265;19.019;5.76;5.76;5.76
12.01.1966;;144.47;36.056;13.88929908;19.077;5.4;5.4;5.4
01.01.1967;;144.37;36.2261;13.88086087;19.095;4.94;4.94;4.94
02.01.1967;;144.33;35.8152;13.92305193;19.129;5;5;5
03.01.1967;;144.32;35.6133;13.92305193;19.158;4.53;4.53;4.53
04.01.1967;;144.28;35.9492;13.965243;19.211;4.05;4.05;4.05
05.01.1967;;144.24;35.6356;13.965243;19.253;3.94;3.94;3.94
06.01.1967;;144.22;35.6311;14.04962513;19.302;3.98;3.98;3.98
07.01.1967;;144.21;35.55;14.0918162;19.368;3.79;3.79;3.79
08.01.1967;;144.21;36.2311;14.13400727;19.427;3.9;3.9;3.9
09.01.1967;;144.18;36.1723;14.17619833;19.496;3.99;3.99;3.99
10.01.1967;;144.42;36.4669;14.2183894;19.569;3.88;3.88;3.88
11.01.1967;;145.09;36.9884;14.30277153;19.631;4.13;4.13;4.13
12.01.1967;;146.68;37.3868;14.3449626;19.679;4.51;4.51;4.51
01.01.1968;;146.95;37.3465;14.38715366;19.766;4.6;4.6;4.6
02.01.1968;;147.03;37.4804;14.42934473;19.852;4.71;4.71;4.71
03.01.1968;;146.96;37.5974;14.4715358;19.931;5.05;5.05;5.05
04.01.1968;;146.83;37.6518;14.51372686;20.004;5.76;5.76;5.76
05.01.1968;;146.8;38.0741;14.55591793;20.08;6.11;6.11;6.11
06.01.1968;;146.84;38.214;14.64030006;20.158;6.07;6.07;6.07
07.01.1968;;146.63;38.1554;14.7246822;20.225;6.02;6.02;6.02
08.01.1968;;146.55;38.2619;14.76687326;20.304;6.03;6.03;6.03
09.01.1968;;146.5;38.4068;14.80906433;20.387;5.78;5.78;5.78
10.01.1968;;146.5;38.483;14.89344646;20.469;5.91;5.91;5.91
11.01.1968;;146.48;38.9808;14.93563753;20.546;5.82;5.82;5.82
12.01.1968;;146.5;39.1039;15.02001966;20.609;6.02;6.02;6.02
01.01.1969;;146.53;39.3405;15.06221073;20.687;6.3;6.3;6.3
02.01.1969;;146.63;39.5922;15.10440179;20.757;6.61;6.61;6.61
03.01.1969;;146.76;39.9027;15.23097499;20.854;6.79;6.79;6.79
04.01.1969;;146.77;39.7559;15.31535713;20.935;7.41;7.41;7.41
05.01.1969;;146.87;39.6056;15.35754819;21.018;8.67;8.67;8.67
06.01.1969;;146.96;39.9925;15.44193033;21.091;8.9;8.9;8.9
07.01.1969;;147.1;40.2037;15.52631246;21.189;8.61;8.61;8.61
08.01.1969;;147.5;40.2961;15.56850353;21.249;9.19;9.19;9.19
09.01.1969;;147.57;40.287;15.65288566;21.334;9.15;9.15;9.15
10.01.1969;;146.77;40.2988;15.73726779;21.425;9;9;9
11.01.1969;;146.8;39.9189;15.82164992;21.507;8.85;8.85;8.85
12.01.1969;;146.74;39.8118;15.90603206;21.587;8.97;8.97;8.97
01.01.1970;130.3794507;146.72;39.0746;15.99041419;21.659;8.98;8.98;8.98
02.01.1970;130.6455975;146.72;39.0488;16.07479632;21.742;8.98;8.98;8.98
03.01.1970;131.1633063;146.67;38.9981;16.15917846;21.823;7.76;7.76;7.76
04.01.1970;131.5884497;146.61;38.8979;16.24356059;21.909;8.1;8.1;8.1
05.01.1970;131.9770278;146.69;38.8525;16.28575165;21.986;7.94;7.94;7.94
06.01.1970;131.2897069;145.64;38.7269;16.37013379;22.066;7.6;7.6;7.6
07.01.1970;130.9991823;145.57;38.8219;16.41232485;22.149;7.21;7.21;7.21
08.01.1970;130.7224438;145.13;38.7527;16.45451592;22.226;6.61;6.61;6.61
09.01.1970;130.9156324;144.95;38.4856;16.53889805;22.319;6.29;6.29;6.29
10.01.1970;130.9457762;145.1;37.7157;16.62328019;22.429;6.2;6.2;6.2
11.01.1970;130.9614717;145.04;37.4873;16.70766232;22.544;5.6;5.6;5.6
12.01.1970;131.0282694;145.04;38.3482;16.79204445;22.658;4.9;4.9;4.9
01.01.1971;130.3174241;144.81;38.6432;16.83423552;22.747;4.14;4.14;4.14
02.01.1971;129.828603;144.56;38.5695;16.83423552;22.834;3.72;3.72;3.72
03.01.1971;129.5564464;144.54;38.5278;16.87642659;22.907;3.71;3.71;3.71
04.01.1971;129.1651785;144.64;38.7441;16.91861765;22.992;4.15;4.15;4.15
05.01.1971;128.8212249;144.38;38.9407;17.00299978;23.093;4.63;4.63;4.63
06.01.1971;129.3175374;144.86;39.104;17.08738192;23.184;4.91;4.91;4.91
07.01.1971;129.3736203;145.58;38.9905;17.12957298;23.273;5.31;5.31;5.31
08.01.1971;128.4372793;144.6;38.7642;17.17176405;23.305;5.56;5.56;5.56
09.01.1971;126.2382899;142.06;39.3942;17.21395512;23.344;5.55;5.55;5.55
10.01.1971;124.9139865;140.65;39.6891;17.25614618;23.381;5.2;5.2;5.2
11.01.1971;124.2590795;140.3;39.8576;17.29833725;23.433;4.91;4.91;4.91
12.01.1971;124.8920644;138.14;40.3177;17.34052832;23.507;4.14;4.14;4.14
01.01.1972;122.0956431;136.51;41.2876;17.38271938;23.607;3.5;3.5;3.5
02.01.1972;120.8326955;135.08;41.6865;17.46710152;23.671;3.29;3.29;3.29
03.01.1972;119.8912201;134.43;41.9746;17.46710152;23.717;3.83;3.83;3.83
04.01.1972;119.8053195;134.65;42.4183;17.50929258;23.772;4.17;4.17;4.17
05.01.1972;119.4666379;134.54;42.3963;17.55148365;23.828;4.27;4.27;4.27
06.01.1972;118.900508;134.31;42.5166;17.59367472;23.875;4.46;4.46;4.46
07.01.1972;118.7680243;134.98;42.498;17.63586578;23.944;4.55;4.55;4.55
08.01.1972;118.0982557;134.96;43.0629;17.67805685;23.994;4.8;4.8;4.8
09.01.1972;118.2880866;135.05;43.3918;17.76243898;24.075;4.87;4.87;4.87
10.01.1972;118.5573238;135.42;43.9718;17.80463005;24.088;5.04;5.04;5.04
11.01.1972;118.4476335;135.86;44.4919;17.88901218;24.152;5.06;5.06;5.06
12.01.1972;118.3634823;136.26;45.0015;17.93120325;24.225;5.33;5.33;5.33
01.01.1973;118.332694;136.22;45.2942;18.01558538;24.24;5.94;5.94;5.94
02.01.1973;114.2311273;130.63;45.9656;18.14215858;24.316;6.58;6.58;6.58
03.01.1973;111.6989053;126.32;45.9872;18.31092285;24.414;7.09;7.09;7.09
04.01.1973;111.6855565;127.14;45.9237;18.43749604;24.556;7.12;7.12;7.12
05.01.1973;110.2804261;126.35;46.2192;18.52187818;24.651;7.84;7.84;7.84
06.01.1973;108.3768981;124.29;46.2509;18.64845138;24.757;8.49;8.49;8.49
07.01.1973;105.3072687;122.54;46.4421;18.64845138;24.863;10.4;10.4;10.4
08.01.1973;107.407775;124.11;46.3648;18.98597991;24.979;10.5;10.5;10.5
09.01.1973;106.5529677;124.47;46.7803;19.07036204;25.105;10.78;10.78;10.78
10.01.1973;105.5554703;123.99;47.0954;19.23912631;25.202;10.01;10.01;10.01
11.01.1973;108.0240318;127.34;47.3445;19.36569951;25.324;10.03;10.03;10.03
12.01.1973;108.0581537;129.06;47.2315;19.53446377;25.464;9.95;9.95;9.95
01.01.1974;110.0049072;133.64;46.8994;19.7454191;25.589;9.65;9.65;9.65
02.01.1974;107.0284068;131.2;46.7538;19.95637444;25.753;8.97;8.97;8.97
03.01.1974;105.4707361;128.7;46.7685;20.16732977;25.953;9.35;9.35;9.35
04.01.1974;103.5688104;127.1;46.6069;20.29390297;26.147;10.51;10.51;10.51
05.01.1974;102.8200288;126.3;46.9743;20.5048583;26.398;11.31;11.31;11.31
06.01.1974;103.5905936;127.64;46.9233;20.67362257;26.67;11.93;11.93;11.93
07.01.1974;103.3821127;128.77;46.9464;20.80019577;26.906;12.92;12.92;12.92
08.01.1974;104.7355129;130.85;46.4907;21.05334217;27.165;12.01;12.01;12.01
09.01.1974;105.360629;131.33;46.5136;21.34867963;27.409;11.34;11.34;11.34
10.01.1974;104.4693415;130.7;46.3401;21.5174439;27.623;10.06;10.06;10.06
11.01.1974;103.6512139;130.03;44.8209;21.72839923;27.825;9.45;9.45;9.45
12.01.1974;103.9212766;130.29;43.234;21.89716349;28.021;8.53;8.53;8.53
01.01.1975;103.1021809;129.22;42.6409;22.06592776;28.185;7.13;7.13;7.13
02.01.1975;102.0904136;127.66;41.6602;22.19250096;28.384;6.24;6.24;6.24
03.01.1975;101.091643;126.74;41.2135;22.27688309;28.533;5.54;5.54;5.54
04.01.1975;101.5711332;128.45;41.246;22.36126523;28.671;5.49;5.49;5.49
05.01.1975;100.6901257;128.54;41.1515;22.40345629;28.793;5.22;5.22;5.22
06.01.1975;100.4102134;128.81;41.4224;22.57222056;28.933;5.55;5.55;5.55
07.01.1975;102.5463934;131.77;41.8234;22.78317589;29.112;6.1;6.1;6.1
08.01.1975;103.7243668;134.01;42.2573;22.86755802;29.212;6.14;6.14;6.14
09.01.1975;104.0986569;134.83;42.7796;23.03632229;29.371;6.24;6.24;6.24
10.01.1975;103.7918704;134.87;42.9687;23.16289549;29.517;5.82;5.82;5.82
11.01.1975;103.8423835;134.64;43.0614;23.33165975;29.713;5.22;5.22;5.22
12.01.1975;104.4060438;135.56;43.5973;23.45823295;29.893;5.2;5.2;5.2
01.01.1976;103.6879092;135.18;44.2288;23.54261509;30.046;4.87;4.87;4.87
02.01.1976;102.8378886;134.58;44.6725;23.58480615;30.166;4.77;4.77;4.77
03.01.1976;102.925453;135.4;44.7125;23.62699722;30.266;4.84;4.84;4.84
04.01.1976;102.9050814;136;44.9643;23.66918829;30.384;4.82;4.82;4.82
05.01.1976;102.8978419;136.19;45.1741;23.79576149;30.527;5.29;5.29;5.29
06.01.1976;103.0546392;136.57;45.183;23.92233468;30.651;5.48;5.48;5.48
07.01.1976;102.2458614;135.97;45.4535;24.04890788;30.82;5.31;5.31;5.31
08.01.1976;101.9988013;135.74;45.7737;24.17548108;30.997;5.29;5.29;5.29
09.01.1976;108.0648199;135.01;45.9031;24.30205428;31.179;5.25;5.25;5.25
10.01.1976;107.71768;135.68;45.9207;24.42862748;31.332;5.02;5.02;5.02
11.01.1976;109.9006229;136.49;46.5978;24.51300962;31.475;4.95;4.95;4.95
12.01.1976;106.7362787;137.14;47.0854;24.63958281;31.645;4.65;4.65;4.65
01.01.1977;106.4226998;136.24;46.8276;24.76615601;31.838;4.61;4.61;4.61
02.01.1977;107.6704131;136.22;47.5417;25.01930241;32.033;4.68;4.68;4.68
03.01.1977;107.5398564;136.18;48.131;25.14587561;32.169;4.69;4.69;4.69
04.01.1977;106.9281745;135.46;48.5838;25.31463988;32.329;4.73;4.73;4.73
05.01.1977;106.3478203;135.56;48.9891;25.39902201;32.494;5.35;5.35;5.35
06.01.1977;105.9915119;135.25;49.3428;25.52559521;32.687;5.39;5.39;5.39
07.01.1977;104.9709083;133.58;49.412;25.65216841;32.89;5.42;5.42;5.42
08.01.1977;104.9985922;134.32;49.4259;25.77874161;33.051;5.9;5.9;5.9
09.01.1977;104.7387766;134.65;49.6639;25.86312374;33.19;6.14;6.14;6.14
10.01.1977;103.6309343;133.02;49.7592;25.98969694;33.351;6.47;6.47;6.47
11.01.1977;103.158004;131.21;49.8117;26.15846121;33.524;6.51;6.51;6.51
12.01.1977;101.6348556;129.1;49.8949;26.28503441;33.697;6.56;6.56;6.56
01.01.1978;100.9929801;127.94;49.2066;26.45379867;33.899;6.7;6.7;6.7
02.01.1978;100.6451021;127.76;49.4502;26.58037187;34.029;6.78;6.78;6.78
03.01.1978;100.0665218;126.52;50.3928;26.74913614;34.213;6.79;6.79;6.79
04.01.1978;99.88237483;125.79;51.4368;26.96009147;34.435;6.89;6.89;6.89
05.01.1978;100.6650623;126.96;51.6276;27.21323787;34.637;7.36;7.36;7.36
06.01.1978;99.67116473;124.77;51.9833;27.4241932;34.831;7.6;7.6;7.6
07.01.1978;97.47145763;121.3;51.9592;27.63514853;35.035;7.81;7.81;7.81
08.01.1978;95.79825323;118.92;52.1543;27.8039128;35.224;8.04;8.04;8.04
09.01.1978;96.22014006;119.11;52.286;28.0570592;35.426;8.45;8.45;8.45
10.01.1978;94.63131138;116.63;52.7054;28.3102056;35.686;8.96;8.96;8.96
11.01.1978;96.29739916;119.12;53.1047;28.47896986;35.878;9.76;9.76;9.76
12.01.1978;96.71878147;119.55;53.3886;28.64773413;36.018;10.03;10.03;10.03
01.01.1979;96.64110987;119.28;53.0453;28.90088053;36.203;10.07;10.07;10.07
02.01.1979;97.28886286;120.1;53.3303;29.19621799;36.321;10.06;10.06;10.06
03.01.1979;97.31190722;120.44;53.4973;29.49155546;36.53;10.09;10.09;10.09
04.01.1979;98.09846202;121.65;52.8938;29.78689292;36.867;10.01;10.01;10.01
05.01.1979;98.88880546;122.57;53.3187;30.12442146;37.187;10.24;10.24;10.24
06.01.1979;99.00930072;122.45;53.3157;30.46194999;37.396;10.29;10.29;10.29
07.01.1979;97.28108267;120.11;53.2433;30.79947852;37.583;10.47;10.47;10.47
08.01.1979;97.8876428;120.61;52.8899;31.09481598;37.833;10.94;10.94;10.94
09.01.1979;97.86687281;120.8;52.9486;31.39015345;38.091;11.43;11.43;11.43
10.01.1979;98.65901078;122.46;53.239;31.72768198;38.369;13.77;13.77;13.77
11.01.1979;99.81129724;124.55;53.1918;32.06521051;38.615;13.18;13.18;13.18
12.01.1979;98.6996595;122.61;53.2603;32.44493011;38.892;13.78;13.78;13.78
01.01.1980;98.63669413;122.33;53.5037;32.90903184;39.187;13.82;13.82;13.82
02.01.1980;99.56044372;123.63;53.5053;33.33094251;39.578;14.13;14.13;14.13
03.01.1980;102.276634;127.02;53.3294;33.79504424;39.945;17.19;17.19;17.19
04.01.1980;102.9479733;127.76;52.2336;34.13257277;40.15;17.61;17.61;17.61
05.01.1980;99.38880003;122.66;50.9638;34.4701013;40.473;10.98;10.98;10.98
06.01.1980;97.7496021;120.1;50.3348;34.80762983;40.742;9.47;9.47;9.47
07.01.1980;96.56380923;120.02;49.9462;34.8498209;41.028;9.03;9.03;9.03
08.01.1980;97.41409646;121.44;50.1256;35.1029673;41.325;9.61;9.61;9.61
09.01.1980;96.54698421;120.09;50.9386;35.39830476;41.714;10.87;10.87;10.87
10.01.1980;97.02450968;120.28;51.5813;35.73583329;42.058;12.81;12.81;12.81
11.01.1980;98.76657063;122.76;52.4717;36.11555289;42.389;15.85;15.85;15.85
12.01.1980;99.8421338;123.77;52.7685;36.45308142;42.644;18.9;18.9;18.9
01.01.1981;99.22610614;122.64;52.4668;36.79060996;43.013;19.08;19.08;19.08
02.01.1981;101.9455318;126.14;52.226;37.12813849;43.328;15.93;15.93;15.93
03.01.1981;101.7335654;126.84;52.5025;37.38128489;43.568;14.7;14.7;14.7
04.01.1981;103.0336783;128.95;52.2691;37.59224022;43.847;15.72;15.72;15.72
05.01.1981;105.665264;132.8;52.5803;37.84538662;44.148;18.52;18.52;18.52
06.01.1981;107.3786798;135.29;52.8284;38.18291515;44.369;19.1;19.1;19.1
07.01.1981;109.5282118;138.43;53.1751;38.60482581;44.636;19.04;19.04;19.04
08.01.1981;111.0790168;140.79;53.1679;38.90016328;44.936;17.82;17.82;17.82
09.01.1981;108.8600499;137.74;52.8514;39.27988288;45.23;15.87;15.87;15.87
10.01.1981;107.6668424;136.69;52.4949;39.40645608;45.499;15.08;15.08;15.08
11.01.1981;106.0586281;134.13;51.894;39.57522034;45.765;13.31;13.31;13.31
12.01.1981;106.0220368;133.92;51.3274;39.70179354;45.934;12.37;12.37;12.37
01.01.1982;106.8969387;135.85;50.3043;39.82836674;46.216;13.22;13.22;13.22
02.01.1982;111.3691181;139.89;51.3016;39.95493994;46.395;14.78;14.78;14.78
03.01.1982;117.4511164;141.88;50.9104;39.95493994;46.597;14.68;14.68;14.68
04.01.1982;117.8941282;143.48;50.4627;40.08151314;46.781;14.94;14.94;14.94
05.01.1982;115.7759176;140.99;50.138;40.46123274;47.037;14.45;14.45;14.45
06.01.1982;120.2076516;147.28;49.9692;40.92533447;47.273;14.15;14.15;14.15
07.01.1982;120.890338;148.81;49.8138;41.1362898;47.579;12.59;12.59;12.59
08.01.1982;127.3907838;149.38;49.3773;41.22067193;47.798;10.12;10.12;10.12
09.01.1982;128.7494917;150.31;49.226;41.22067193;47.975;10.31;10.31;10.31
10.01.1982;125.1739252;152.64;48.7874;41.3894362;48.279;9.71;9.71;9.71
11.01.1982;124.1712115;152.95;48.592;41.34724513;48.458;9.2;9.2;9.2
12.01.1982;121.084181;147.77;48.2424;41.22067193;48.612;8.95;8.95;8.95
01.01.1983;121.9626979;145.76;49.1762;41.30505407;48.945;8.68;8.68;8.68
02.01.1983;122.8394402;147.43;48.8688;41.34724513;49.126;8.51;8.51;8.51
03.01.1983;122.816757;148.55;49.2654;41.3894362;49.188;8.77;8.77;8.77
04.01.1983;123.9581492;149.09;49.8675;41.68477367;49.337;8.8;8.8;8.8
05.01.1983;123.8677575;148.74;50.2084;41.85353793;49.408;8.63;8.63;8.63
06.01.1983;125.3482621;151.31;50.5089;41.93792006;49.639;8.98;8.98;8.98
07.01.1983;125.8652685;152.1;51.2733;42.10668433;49.973;9.37;9.37;9.37
08.01.1983;127.3744308;154.52;51.8454;42.23325753;50.231;9.56;9.56;9.56
09.01.1983;127.3356021;154.46;52.6303;42.35983073;50.434;9.45;9.45;9.45
10.01.1983;126.1216958;151.94;53.0679;42.528595;50.523;9.48;9.48;9.48
11.01.1983;127.2461916;153.47;53.2534;42.65516819;50.641;9.34;9.34;9.34
12.01.1983;128.6205432;155.28;53.5343;42.78174139;50.679;9.47;9.47;9.47
01.01.1984;129.7004438;156.48;54.6008;43.07707886;50.848;9.56;9.56;9.56
02.01.1984;127.9813663;154.82;54.835;43.28803419;51.168;9.59;9.59;9.59
03.01.1984;125.7689106;152.16;55.1052;43.41460739;51.362;9.91;9.91;9.91
04.01.1984;126.5521174;153.36;55.4514;43.58337166;51.604;10.29;10.29;10.29
05.01.1984;128.7664824;156.75;55.7141;43.66775379;51.724;10.32;10.32;10.32
06.01.1984;129.1017571;157.62;55.9085;43.75213592;51.845;11.06;11.06;11.06
07.01.1984;132.3081999;162.21;56.0842;43.92090019;52.069;11.23;11.23;11.23
08.01.1984;132.5931527;162.09;56.1376;44.04747339;52.241;11.64;11.64;11.64
09.01.1984;134.8965046;165.5;56.0382;44.17404659;52.321;11.3;11.3;11.3
10.01.1984;135.9770921;167.11;55.9459;44.34281085;52.438;9.99;9.99;9.99
11.01.1984;134.0820447;165.08;56.1667;44.42719299;52.549;9.43;9.43;9.43
12.01.1984;136.1992831;168.35;56.2296;44.51157512;52.757;8.38;8.38;8.38
01.01.1985;137.5184211;171.42;56.1398;44.59595725;53.053;8.35;8.35;8.35
02.01.1985;140.3934074;176.06;56.3323;44.84910365;53.328;8.5;8.5;8.5
03.01.1985;141.1296451;176.93;56.4232;45.06005898;53.515;8.58;8.58;8.58
04.01.1985;136.7297319;170.63;56.2693;45.14444112;53.579;8.27;8.27;8.27
05.01.1985;137.5099556;171.36;56.3488;45.22882325;53.764;7.97;7.97;7.97
06.01.1985;136.1140495;169.56;56.3901;45.35539645;53.941;7.53;7.53;7.53
07.01.1985;133.1319429;164.54;56.0234;45.43977858;54.099;7.88;7.88;7.88
08.01.1985;133.9883706;162.36;56.2555;45.52416071;54.364;7.9;7.9;7.9
09.01.1985;134.8562461;163.77;56.4983;45.60854285;54.477;7.92;7.92;7.92
10.01.1985;130.052312;156;56.2648;45.77730711;54.564;7.99;7.99;7.99
11.01.1985;128.9222027;153.33;56.4549;45.98826245;54.698;8.05;8.05;8.05
12.01.1985;128.8665455;152.5;57.0458;46.19921778;54.847;8.27;8.27;8.27
01.01.1986;128.2822186;151.42;57.3104;46.36798204;55.143;8.14;8.14;8.14
02.01.1986;125.2094374;146.5;56.9344;46.28359991;55.286;7.86;7.86;7.86
03.01.1986;123.2034825;143.79;56.542;46.03045351;55.454;7.48;7.48;7.48
04.01.1986;122.5028751;142.58;56.5599;45.86168925;55.554;6.99;6.99;6.99
05.01.1986;120.7238291;139.94;56.6823;45.98826245;55.649;6.85;6.85;6.85
06.01.1986;121.760366;140.68;56.4976;46.15702671;55.816;6.92;6.92;6.92
07.01.1986;119.7422243;137.43;56.814;46.19921778;55.917;6.56;6.56;6.56
08.01.1986;118.5439977;135.32;56.7381;46.24140884;56.032;6.17;6.17;6.17
09.01.1986;118.8514428;135.12;56.8532;46.41017311;56.216;5.89;5.89;5.89
10.01.1986;118.9491772;135.16;57.1191;46.49455524;56.407;5.85;5.85;5.85
11.01.1986;120.2018832;136.96;57.3792;46.57893738;56.526;6.04;6.04;6.04
12.01.1986;119.4261928;135.89;57.8623;46.74770164;56.599;6.91;6.91;6.91
01.01.1987;116.797202;130.81;57.685;47.00084804;56.733;6.43;6.43;6.43
02.01.1987;115.826085;129.14;58.4399;47.16961231;56.847;6.1;6.1;6.1
03.01.1987;115.1625771;127.8;58.516;47.33837657;57.015;6.13;6.13;6.13
04.01.1987;112.9377309;124.88;58.8851;47.5493319;57.257;6.37;6.37;6.37
05.01.1987;111.9393659;123.68;59.2653;47.6759051;57.417;6.85;6.85;6.85
06.01.1987;112.8753971;125.03;59.5409;47.88686044;57.575;6.73;6.73;6.73
07.01.1987;113.396686;126.59;59.9536;48.01343364;57.724;6.58;6.58;6.58
08.01.1987;112.7064974;126.13;60.4517;48.22438897;57.918;6.73;6.73;6.73
09.01.1987;110.6914196;123.7;60.6069;48.39315323;58.148;7.22;7.22;7.22
10.01.1987;109.991064;123.31;61.491;48.51972643;58.396;7.29;7.29;7.29
11.01.1987;106.52166;118.83;61.8137;48.6884907;58.519;6.69;6.69;6.69
12.01.1987;104.8997296;115.57;62.119;48.77287283;58.642;6.77;6.77;6.77
01.01.1988;104.5295171;115.32;62.1469;48.9416371;58.919;6.83;6.83;6.83
02.01.1988;104.4192458;116.3;62.4169;49.02601923;59.04;6.58;6.58;6.58
03.01.1988;102.4691293;114.49;62.5418;49.15259243;59.292;6.58;6.58;6.58
04.01.1988;101.587366;113.23;62.8959;49.4479299;59.581;6.87;6.87;6.87
05.01.1988;101.4436614;113.45;62.8223;49.57450309;59.784;7.09;7.09;7.09
06.01.1988;102.4352919;115.11;62.9823;49.78545843;60.036;7.51;7.51;7.51
07.01.1988;104.6653822;118.17;63.0093;49.99641376;60.281;7.75;7.75;7.75
08.01.1988;105.6630015;119.36;63.2723;50.20736909;60.43;8.01;8.01;8.01
09.01.1988;105.6476677;119.56;63.099;50.41832442;60.755;8.19;8.19;8.19
10.01.1988;103.4421068;116.55;63.4122;50.58708869;60.986;8.3;8.3;8.3
11.01.1988;101.0164996;113.44;63.5128;50.75585296;61.153;8.35;8.35;8.35
12.01.1988;100.663464;112.92;63.8233;50.92461722;61.356;8.76;8.76;8.76
01.01.1989;102.7146782;115.05;64.0153;51.13557255;61.666;9.12;9.12;9.12
02.01.1989;103.2009593;115.54;63.7242;51.30433682;61.823;9.36;9.36;9.36
03.01.1989;104.1758535;116.77;63.8691;51.55748322;62.008;9.85;9.85;9.85
04.01.1989;104.5233467;117.06;63.9124;51.93720282;62.215;9.84;9.84;9.84
05.01.1989;106.729876;120.09;63.4884;52.19034922;62.401;9.81;9.81;9.81
06.01.1989;108.3947363;122.45;63.5187;52.35911348;62.567;9.53;9.53;9.53
07.01.1989;106.1614159;119.58;62.9354;52.52787775;62.728;9.24;9.24;9.24
08.01.1989;106.2143904;120.06;63.5168;52.52787775;62.816;8.99;8.99;8.99
09.01.1989;107.0368899;121.65;63.2954;52.65445095;63.034;9.02;9.02;9.02
10.01.1989;105.2476463;119.45;63.2542;52.90759735;63.262;8.84;8.84;8.84
11.01.1989;105.2911044;119.34;63.4616;53.11855268;63.43;8.55;8.55;8.55
12.01.1989;103.6792631;117.68;63.8467;53.28731694;63.611;8.45;8.45;8.45
01.01.1990;103.2576893;116.9;63.4228;53.79360974;63.856;8.23;8.23;8.23
02.01.1990;103.2018401;117.01;64.0446;54.00456507;64.166;8.24;8.24;8.24
03.01.1990;104.6253193;119.22;64.358;54.25771147;64.474;8.28;8.28;8.28
04.01.1990;104.3437301;119.44;64.2602;54.38428467;64.666;8.26;8.26;8.26
05.01.1990;103.0391524;118.07;64.3973;54.4686668;64.864;8.18;8.18;8.18
06.01.1990;103.5090155;118.31;64.6041;54.80619534;65.116;8.29;8.29;8.29
07.01.1990;101.534971;115.49;64.5205;55.05934173;65.28;8.15;8.15;8.15
08.01.1990;99.83613111;113.04;64.7326;55.52344347;65.552;8.13;8.13;8.13
09.01.1990;99.15358698;111.65;64.8145;55.90316306;65.781;8.2;8.2;8.2
10.01.1990;97.13797984;108.69;64.3274;56.28288266;66.004;8.11;8.11;8.11
11.01.1990;96.31785518;107.91;63.5753;56.40945586;66.083;7.81;7.81;7.81
12.01.1990;97.10422091;109.3;63.1594;56.62041119;66.176;7.31;7.31;7.31
01.01.1991;96.64564285;109.41;62.8852;56.83136653;66.506;6.91;6.91;6.91
02.01.1991;95.40613564;107.98;62.4462;56.87355759;66.689;6.25;6.25;6.25
03.01.1991;98.72375041;112.62;62.119;56.87355759;66.828;6.12;6.12;6.12
04.01.1991;100.2613982;114.62;62.2415;57.00013079;66.961;5.91;5.91;5.91
05.01.1991;100.5763067;115.14;62.8646;57.21108612;67.229;5.78;5.78;5.78
06.01.1991;101.91965;117.13;63.4372;57.37985039;67.374;5.9;5.9;5.9
07.01.1991;101.6247063;116.85;63.5128;57.46423252;67.579;5.82;5.82;5.82
08.01.1991;100.4063416;115.49;63.5671;57.63299679;67.765;5.66;5.66;5.66
09.01.1991;99.17384399;113.74;64.133;57.80176106;68.036;5.45;5.45;5.45
10.01.1991;98.02358643;112.66;64.0213;57.88614319;68.186;5.21;5.21;5.21
11.01.1991;96.32961159;110.94;63.948;58.13928959;68.313;4.81;4.81;4.81
12.01.1991;95.38503854;109.68;63.6937;58.30805385;68.482;4.43;4.43;4.43
01.01.1992;95.19676796;109.37;63.3374;58.35024492;68.667;4.03;4.03;4.03
02.01.1992;96.48862889;111.39;63.7911;58.47681812;68.854;4.06;4.06;4.06
03.01.1992;98.16606885;113.98;64.3212;58.68777345;69.026;3.98;3.98;3.98
04.01.1992;97.60783223;113.62;64.8088;58.81434665;69.252;3.73;3.73;3.73
05.01.1992;96.69252654;112.32;65.0202;58.94091985;69.35;3.82;3.82;3.82
06.01.1992;95.24970146;110.31;65.0295;59.10968412;69.404;3.76;3.76;3.76
07.01.1992;93.53605459;108.06;65.6172;59.27844838;69.666;3.25;3.25;3.25
08.01.1992;92.72889808;107.51;65.2943;59.40502158;69.73;3.3;3.3;3.3
09.01.1992;93.14944689;107.94;65.446;59.53159478;69.843;3.22;3.22;3.22
10.01.1992;95.1587686;110.25;65.9369;59.78474118;70.112;3.1;3.1;3.1
11.01.1992;98.65289076;114.3;66.2174;59.95350544;70.265;3.09;3.09;3.09
12.01.1992;98.85531266;114.56;66.2772;60.03788758;70.395;2.92;2.92;2.92
01.01.1993;99.81167979;115.85;66.5643;60.24884291;70.6;3.02;3.02;3.02
02.01.1993;100.0320076;115.82;66.8594;60.37541611;70.735;3.03;3.03;3.03
03.01.1993;99.37230277;114.52;66.7658;60.45979824;70.889;3.07;3.07;3.07
04.01.1993;97.7902826;112.12;67;60.67075357;71.095;2.96;2.96;2.96
05.01.1993;97.84485871;111.92;66.7674;60.83951784;71.336;3;3;3
06.01.1993;98.2781012;112.4;66.8781;60.88170891;71.404;3.04;3.04;3.04
07.01.1993;99.55959357;113.98;67.0845;60.96609104;71.552;3.06;3.06;3.06
08.01.1993;99.39236283;113.7;67.014;61.09266424;71.686;3.03;3.03;3.03
09.01.1993;98.5026645;113.09;67.3345;61.17704637;71.793;3.09;3.09;3.09
10.01.1993;99.30800068;114.01;67.8515;61.43019277;71.912;2.99;2.99;2.99
11.01.1993;100.5191618;115.14;68.1326;61.59895704;72.097;3.02;3.02;3.02
12.01.1993;100.7737769;115.93;68.5054;61.72553024;72.129;2.96;2.96;2.96
01.01.1994;100.8537378;116.2;68.7648;61.72553024;72.186;3.05;3.05;3.05
02.01.1994;100.5978924;115.19;68.7836;61.8942945;72.342;3.25;3.25;3.25
03.01.1994;101.056074;114.61;69.4766;62.06305877;72.589;3.34;3.34;3.34
04.01.1994;101.4536758;114.56;69.8703;62.10524983;72.698;3.56;3.56;3.56
05.01.1994;100.6029387;113.85;70.2281;62.23182303;72.86;4.01;4.01;4.01
06.01.1994;100.1059948;113.04;70.6763;62.4005873;73.021;4.25;4.25;4.25
07.01.1994;98.43544433;110.71;70.7846;62.61154263;73.175;4.26;4.26;4.26
08.01.1994;98.42244787;110.86;71.2053;62.86468903;73.257;4.47;4.47;4.47
09.01.1994;97.48375169;109.55;71.4767;62.99126223;73.368;4.73;4.73;4.73
10.01.1994;96.41537369;108.51;72.082;63.0334533;73.54;4.76;4.76;4.76
11.01.1994;96.92713713;109.09;72.5263;63.20221756;73.675;5.29;5.29;5.29
12.01.1994;100.4131241;110.92;73.2879;63.32879076;73.7;5.45;5.45;5.45
01.01.1995;104.5536047;110.55;73.4219;63.49755503;73.883;5.53;5.53;5.790566413
02.01.1995;103.4719027;109.53;73.3025;63.66631929;74.004;5.92;5.92;6.131132826
03.01.1995;102.7999568;105.78;73.4081;63.79289249;74.186;5.98;5.98;5.900677505
04.01.1995;98.32832943;102.39;73.3612;64.04603889;74.358;6.05;6.05;5.88857327
05.01.1995;97.53112613;102.88;73.6104;64.17261209;74.485;6.01;6.01;5.838142743
06.01.1995;97.59368679;102.89;73.8602;64.29918529;74.549;6;6;5.53029656
07.01.1995;97.03862807;103.22;73.5664;64.38356742;74.667;5.85;5.85;5.519445548
08.01.1995;99.30344303;106.47;74.495;64.51014062;74.846;5.74;5.74;5.571026226
09.01.1995;100.3327779;108.43;74.7937;64.59452276;74.945;5.8;5.8;5.468590907
10.01.1995;100.2673276;107.35;74.7017;64.76328702;75.127;5.76;5.76;5.467117112
11.01.1995;102.1153261;107.86;74.8897;64.84766915;75.175;5.8;5.8;5.322270371
12.01.1995;102.5266938;108.71;75.1755;64.93205129;75.281;5.6;5.6;5.194376334
01.01.1996;103.0739171;110.07;74.6841;65.26957982;75.366;5.56;5.56;5.016801188
02.01.1996;103.1072044;110.26;75.8344;65.39615302;75.464;5.22;5.22;4.789031045
03.01.1996;103.0214591;110.23;75.7631;65.60710835;75.639;5.31;5.31;5.190880344
04.01.1996;103.1288549;110.8;76.4562;65.86025475;75.741;5.22;5.22;5.360795055
05.01.1996;103.3440271;111.31;77.0161;65.98682795;75.873;5.24;5.24;5.423447868
06.01.1996;103.6807652;111.71;77.6669;66.11340115;75.931;5.27;5.27;5.585016444
07.01.1996;103.2845808;111.46;77.5662;66.23997435;76.074;5.4;5.4;5.593611928
08.01.1996;102.3096753;110.9;78.016;66.32435648;76.14;5.22;5.22;5.421958569
09.01.1996;102.8636524;111.62;78.5532;66.53531181;76.37;5.3;5.3;5.582134131
10.01.1996;103.4097339;112;78.5065;66.74626715;76.552;5.24;5.24;5.351398917
11.01.1996;102.9793229;110.93;79.1996;66.95722248;76.652;5.31;5.31;5.25532377
12.01.1996;103.9861817;112.58;79.7143;67.12598674;76.682;5.29;5.29;5.3055408
01.01.1997;105.0959942;114.28;79.8273;67.25255994;76.763;5.25;5.25;5.431759384
02.01.1997;107.3332248;117.23;80.793;67.37913314;76.921;5.19;5.19;5.305861078
03.01.1997;108.3372889;118.22;81.334;67.42132421;77.105;5.39;5.39;5.612832505
04.01.1997;108.7616072;119.5;81.3531;67.46351528;77.255;5.51;5.51;5.775775767
05.01.1997;107.2959183;117.56;81.8293;67.46351528;77.312;5.5;5.5;5.636521396
06.01.1997;106.9072067;117.06;82.2285;67.59008847;77.426;5.56;5.56;5.492684867
07.01.1997;107.5782345;118.05;82.8557;67.67447061;77.478;5.52;5.52;5.437048516
08.01.1997;109.3178539;120.63;83.7214;67.84323487;77.448;5.54;5.54;5.539115642
09.01.1997;109.0476164;120.46;84.4651;68.01199914;77.608;5.54;5.54;5.462779675
10.01.1997;108.9842127;120.14;85.1918;68.13857234;77.726;5.5;5.5;5.419954234
11.01.1997;111.0103171;121.93;85.9397;68.22295447;77.75;5.52;5.52;5.478971407
12.01.1997;115.1036187;126.92;86.2047;68.26514554;77.794;5.5;5.5;5.544474894
01.01.1998;117.8231674;129.56;86.6474;68.34952767;77.914;5.56;5.56;5.282277643
02.01.1998;116.6032722;127.75;86.7612;68.34952767;77.98;5.51;5.51;5.293197917
03.01.1998;116.2967681;127.38;86.8198;68.34952767;78.063;5.49;5.49;5.39941566
04.01.1998;115.8562872;127.76;87.1411;68.4339098;78.207;5.45;5.45;5.382108101
05.01.1998;116.5298828;128.58;87.6952;68.60267407;78.283;5.49;5.49;5.411540108
06.01.1998;118.8589321;130.79;87.145;68.6870562;78.184;5.56;5.56;5.400294738
07.01.1998;118.9692096;131.03;86.8423;68.85582047;78.405;5.54;5.54;5.393462548
08.01.1998;121.0224487;133.24;88.6247;68.9402026;78.558;5.55;5.55;5.238227609
09.01.1998;118.8873332;129.08;88.4515;68.98239367;78.545;5.51;5.51;4.846958309
10.01.1998;114.9240118;124.45;89.1677;69.15115793;78.698;5.07;5.07;4.246113409
11.01.1998;114.5621326;124.96;89.1098;69.23554007;78.711;4.83;4.83;4.577635253
12.01.1998;113.3279975;123.67;89.4407;69.36211327;78.847;4.68;4.68;4.533932849
01.01.1999;112.9400161;122.52;89.8594;69.48868647;78.998;4.63;4.63;4.508201878
02.01.1999;114.0840651;124.36;90.3386;69.48868647;78.999;4.76;4.76;4.703413031
03.01.1999;115.507427;127.02;90.4819;69.53087753;79.026;4.81;4.81;4.799929512
04.01.1999;115.2338135;126.9;90.7274;69.99497926;79.21;4.74;4.74;4.653119607
05.01.1999;115.097158;126.87;91.352;70.03717033;79.272;4.74;4.74;4.856866032
06.01.1999;115.6483803;127.55;91.1994;70.03717033;79.306;4.76;4.76;5.128489991
07.01.1999;115.8588674;127.98;91.7766;70.33250779;79.446;4.99;4.99;5.073893674
08.01.1999;114.2363776;125.57;92.1629;70.50127206;79.48;5.07;5.07;5.236126553
09.01.1999;113.4487987;124.06;91.774;70.79660953;79.683;5.22;5.22;5.239158229
10.01.1999;112.8223491;122.88;92.9979;70.92318273;79.809;5.2;5.2;5.407100281
11.01.1999;113.2578081;123.68;93.4371;71.04975592;79.884;5.42;5.42;5.506223621
12.01.1999;113.4934605;123.96;94.1593;71.21852019;79.992;5.3;5.3;5.782674993
01.01.2000;113.545221;123.55;94.1758;71.42947552;80.196;5.45;5.45;6.017092139
02.01.2000;115.492448;126.09;94.4557;71.72481299;80.321;5.73;5.73;6.283951026
03.01.2000;115.9142786;126.38;94.798;72.14672365;80.483;5.85;5.85;6.361811788
04.01.2000;116.7068046;126.89;95.4808;72.10453259;80.522;6.02;6.02;6.382910301
05.01.2000;119.7399718;130.59;95.6435;72.23110579;80.597;6.27;6.27;6.735137035
06.01.2000;118.3568512;127.76;95.7353;72.65301645;80.647;6.53;6.53;6.496827296
07.01.2000;118.530039;128.67;95.5906;72.86397178;80.823;6.54;6.54;6.489722279
08.01.2000;119.5184713;130.49;95.3112;72.86397178;80.921;6.5;6.5;6.510451375
09.01.2000;121.4172089;132.09;95.679;73.24369138;81.116;6.52;6.52;6.396269972
10.01.2000;123.4073941;134.18;95.397;73.37026458;81.234;6.51;6.51;6.31522685
11.01.2000;124.109259;135.45;95.4229;73.49683778;81.367;6.51;6.51;6.335769541
12.01.2000;122.5487001;134.09;95.1573;73.66560205;81.425;6.4;6.4;5.803836809
01.01.2001;123.0488577;133.09;94.5448;74.08751271;81.698;5.98;5.98;5.08337802
02.01.2001;123.9746683;134.17;93.9398;74.25627698;81.827;5.49;5.49;4.75951506
03.01.2001;126.1261023;137.32;93.7201;74.29846804;81.909;5.31;5.31;4.376341584
04.01.2001;126.8915478;139.14;93.4469;74.42504124;82.044;4.8;4.8;3.942225003
05.01.2001;126.6731307;139.02;92.876;74.80476084;82.067;4.21;4.21;3.704758046
06.01.2001;127.699262;140.16;92.3208;74.97352511;82.253;3.97;3.97;3.492167594
07.01.2001;127.8860075;140.51;91.7933;74.84695191;82.465;3.77;3.77;3.414578595
08.01.2001;125.0674749;137.62;91.6795;74.84695191;82.511;3.65;3.65;3.140102241
09.01.2001;125.5450484;137.08;91.3289;75.14228937;82.049;3.07;3.07;2.513431732
10.01.2001;126.0436026;138.25;90.9315;74.93133404;82.637;2.49;2.49;1.792484012
11.01.2001;126.9613476;139.77;90.486;74.88914297;82.81;2.09;2.09;1.673799052
12.01.2001;127.198759;140.37;90.5073;74.84695191;82.829;1.82;1.82;1.646375166
01.01.2002;128.5781714;142.74;91.0794;74.97352511;82.862;1.73;1.73;1.548856996
02.01.2002;129.2240368;143.63;91.0553;75.10009831;83.017;1.74;1.74;1.617066912
03.01.2002;128.2551118;142.52;91.798;75.31105364;83.12;1.73;1.73;1.950795267
04.01.2002;127.7938628;141.54;92.1771;75.64858217;83.366;1.75;1.75;1.831122685
05.01.2002;125.4907395;137.61;92.5668;75.7329643;83.465;1.75;1.75;1.711052914
06.01.2002;123.15372;134.1;93.4476;75.77515537;83.594;1.75;1.75;1.522786928
07.01.2002;120.6856798;130.9;93.2237;75.94391963;83.745;1.73;1.73;1.25721018
08.01.2002;122.2306245;132.6;93.2359;76.15487497;83.9;1.74;1.74;1.043126879
09.01.2002;122.9998715;133;93.3654;76.28144817;84.033;1.75;1.75;1.082360443
10.01.2002;123.7830449;133.97;93.0834;76.45021243;84.109;1.75;1.75;1.02061583
11.01.2002;122.1824226;132.03;93.5693;76.57678563;84.191;1.34;1.34;0.770072287
12.01.2002;121.3137777;131.02;93.1103;76.70335883;84.26;1.24;1.24;0.691828136
01.01.2003;119.709637;127.65;93.8198;77.04088736;84.293;1.24;1.24;0.622523109
02.01.2003;119.8457632;126.72;93.9532;77.46279803;84.383;1.26;1.26;0.590791129
03.01.2003;119.2459775;126.05;93.7358;77.58937123;84.492;1.25;1.25;0.548741379
04.01.2003;117.9435126;125.93;93.0657;77.29403376;84.558;1.26;1.26;0.557116952
05.01.2003;113.1007117;120.32;93.0918;77.16746056;84.66;1.26;1.26;0.427863613
06.01.2003;112.720182;119.37;93.2476;77.25184269;84.695;1.22;1.22;0.302364799
07.01.2003;114.2181048;121.18;93.6582;77.50498909;84.897;1.01;1.01;0.384292425
08.01.2003;116.1334268;122.62;93.5246;77.84251763;84.979;1.03;1.03;0.508184169
09.01.2003;114.8346529;120.57;94.0751;78.09566402;85.08;1.01;1.01;0.430028838
10.01.2003;111.7666302;116.49;94.2079;78.01128189;85.218;1.01;1.01;0.456807428
11.01.2003;111.3910784;116.15;94.9338;78.05347296;85.332;1;1;0.570231813
12.01.2003;109.4470447;113.66;94.8662;78.26442829;85.452;0.98;0.98;0.558801965
01.01.2004;107.6441744;111.55;95.1085;78.60195682;85.702;1;1;0.463318076
02.01.2004;107.9385546;111.89;95.6847;78.77072109;85.862;1.01;1.01;0.479154125
03.01.2004;109.4025204;113.72;95.2088;78.93948535;86.016;1;1;0.426870669
04.01.2004;110.4960505;114.61;95.6385;79.06605855;86.238;1;1;0.70480356
05.01.2004;112.750631;116.55;96.3966;79.40358708;86.356;1;1;0.981032284
06.01.2004;111.4554708;114.97;95.6019;79.69892455;86.496;1.03;1.03;1.271761195
07.01.2004;110.5428981;113.69;96.3385;79.78330668;86.605;1.26;1.26;1.283741949
08.01.2004;110.6701041;114.17;96.4095;79.82549775;86.642;1.43;1.43;1.279091389
09.01.2004;110.4625581;113.4;96.4907;80.07864415;86.806;1.61;1.61;1.381051525
10.01.2004;108.7019508;111.18;97.4094;80.50055481;86.994;1.76;1.76;1.544350416
11.01.2004;105.4873926;106.88;97.6137;80.88027441;87.179;1.93;1.93;1.883889301
12.01.2004;103.9716595;105.51;98.3318;80.88027441;87.287;2.16;2.16;2.10633809
01.01.2005;104.712514;106.49;98.7845;80.83808334;87.6;2.28;2.28;2.340113679
02.01.2005;105.2543359;107.2;99.4639;81.17561188;87.74;2.5;2.5;2.623745482
03.01.2005;104.5014393;105.95;99.3061;81.47094934;87.945;2.63;2.63;2.953721572
04.01.2005;105.942635;107.7;99.4734;81.72409574;88.032;2.79;2.79;2.950414717
05.01.2005;106.5566305;108.84;99.6033;81.68190467;88.204;3;3;2.987508659
06.01.2005;107.9036316;110.78;99.9853;81.72409574;88.259;3.04;3.04;3.102742494
07.01.2005;109.1044866;111.97;99.6692;82.23038854;88.387;3.26;3.26;3.425524415
08.01.2005;108.1515749;110.15;99.9435;82.73668134;88.455;3.5;3.5;3.675672738
09.01.2005;109.2345706;109.83;98.0779;83.87584013;88.644;3.62;3.62;3.621063171
10.01.2005;110.8554929;111.65;99.3149;84.00241333;88.89;3.78;3.78;3.967652713
11.01.2005;111.3914576;113.31;100.3216;83.58050266;89.113;4;4;4.173491519
12.01.2005;110.3139722;112.3;100.9437;83.58050266;89.207;4.16;4.16;4.224403567
01.01.2006;108.6845078;110.29;101.0627;84.08679546;89.41;4.29;4.29;4.393421168
02.01.2006;109.2318962;111.04;101.0669;84.12898653;89.544;4.49;4.49;4.693391705
03.01.2006;109.6850376;111;101.2751;84.25555973;89.766;4.59;4.59;4.823214537
04.01.2006;109.1776418;109.51;101.6813;84.67747039;90;4.79;4.79;4.936914452
05.01.2006;106.230271;105.6;101.579;84.93061679;90.205;4.94;4.94;5.00450894
06.01.2006;108.0563274;106.89;101.9693;85.14157212;90.427;4.99;4.99;5.220055489
07.01.2006;108.1598915;107.25;101.9319;85.60567385;90.527;5.24;5.24;5.331815224
08.01.2006;107.5948719;106.59;102.3327;85.98539345;90.713;5.25;5.25;5.214282261
09.01.2006;107.5240029;106.97;102.1252;85.56348279;90.852;5.25;5.25;5.137038558
10.01.2006;107.6178324;107.98;102.0668;85.18376319;91.011;5.25;5.25;5.164248051
11.01.2006;106.3899047;106.73;101.9688;85.22595426;91.058;5.25;5.25;5.13815398
12.01.2006;105.7698673;105.75;103.0292;85.69005599;91.19;5.24;5.24;5.130502695
01.01.2007;107.2393013;107.63;102.4933;85.83223988;91.584;5.25;5.25;5.237082469
02.01.2007;107.2591458;107.36;103.5264;86.1651274;91.787;5.26;5.26;5.20845235
03.01.2007;106.9306596;106.36;103.7521;86.61319652;91.868;5.26;5.26;5.085779685
04.01.2007;105.494656;104.77;104.4814;86.87309349;91.973;5.25;5.25;5.126133222
05.01.2007;104.992733;104.16;104.5322;87.23213947;92.069;5.25;5.25;5.176150253
06.01.2007;105.0667364;103.91;104.5617;87.43423468;92.219;5.25;5.25;5.254457724
07.01.2007;103.6138531;102.24;104.5227;87.58991971;92.368;5.26;5.26;5.152698661
08.01.2007;103.9057771;102.26;104.7556;87.61692199;92.503;5.02;5.02;4.738778447
09.01.2007;102.3981245;100.4;105.1611;87.98820338;92.742;4.94;4.94;4.383899616
10.01.2007;100.0832829;97.99;104.7171;88.25949194;92.963;4.76;4.76;4.247586103
11.01.2007;98.69358379;95.75;105.3338;88.95311307;93.134;4.49;4.49;3.837518461
12.01.2007;100;97.52;105.3457;89.21090048;93.319;4.24;4.24;3.608289277
01.01.2008;99.47796949;96.79;105.0619;89.51847336;93.519;3.94;3.94;2.841375855
02.01.2008;98.71524248;96.18;104.7094;89.73491353;93.621;2.98;2.98;1.93754073
03.01.2008;96.27040909;93.29;104.4616;90.05598755;93.829;2.61;2.61;1.43215283
04.01.2008;96.10326083;93.42;103.6704;90.26441141;93.912;2.28;2.28;1.549251649
05.01.2008;96.63831066;94.14;103.0863;90.79855031;94.103;1.98;1.98;1.720030877
06.01.2008;97.5764757;94.87;102.8445;91.74995886;94.299;2;2;1.989755515
07.01.2008;97.15684828;94.14;102.3002;92.40518613;94.43;2.01;2.01;1.86670535
08.01.2008;100.0816619;98.09;100.7353;92.26764325;94.543;2;2;1.753884098
09.01.2008;102.7469976;100.43;96.3666;92.34654054;94.668;1.81;1.81;1.551605846
10.01.2008;110.039464;106.91;97.2832;91.55250467;94.593;0.97;0.97;0.959894807
11.01.2008;111.7227254;110.37;96.0605;89.9315239;94.6;0.39;0.39;0.214943331
12.01.2008;108.7791383;107.73;93.2521;89.19107068;94.58;0.16;0.50058956;-0.034211715
01.01.2009;110.0386206;108.05;91.0373;89.41679289;94.578;0.15;0.611179119;-0.143616166
02.01.2009;113.8176721;110.96;90.4502;89.74250792;94.679;0.22;0.876102531;-0.152816402
03.01.2009;114.6152332;111.7;89.016;89.65390668;94.776;0.18;0.750245193;-0.320958193
04.01.2009;111.2495509;109.45;88.3056;89.74419556;95.003;0.15;0.426628489;-0.399632334
05.01.2009;107.1059279;104.9;87.4155;89.8762536;95.097;0.18;0.206639052;-0.420040629
06.01.2009;106.2003266;102.86;87.0742;90.62219166;95.214;0.21;0.021533672;-0.254127366
07.01.2009;105.5437677;102.28;88.0323;90.59518937;95.291;0.16;-0.117377575;-0.4097905
08.01.2009;103.9881522;100.69;89.019;90.89854314;95.43;0.16;-0.282742698;-0.314748156
09.01.2009;103.0338158;99;89.6926;91.07405798;95.605;0.15;-0.406046094;-0.434050098
10.01.2009;101.5027912;97.24;89.9797;91.34745609;95.961;0.12;-0.474629606;-0.384381586
11.01.2009;100.8669994;96.66;90.3375;91.65334132;96.043;0.12;-0.610396828;-0.733324001
12.01.2009;101.5113324;97.57;90.6132;91.70101723;96.108;0.12;-0.1539776;-0.71407233
01.01.2010;101.4303407;98.17;91.6642;91.76050663;96.228;0.11;-0.447700331;-0.69123668
02.01.2010;103.0347139;100.22;91.994;91.67317112;96.298;0.13;-0.544687908;-0.956918185
03.01.2010;102.0934133;99.82;92.5993;91.70354869;96.422;0.16;-0.476349463;-0.977095207
04.01.2010;101.7005028;99.9;92.9436;91.72464422;96.456;0.2;-0.466496022;-0.779422061
05.01.2010;105.4249339;103.77;94.2997;91.67696832;96.552;0.2;-0.482831846;-1.087975052
06.01.2010;105.9544323;104.84;94.4397;91.63857445;96.584;0.18;-0.542088217;-1.266331709
07.01.2010;103.7893653;102.12;94.8536;91.80987018;96.585;0.18;-0.589675386;-1.667502259
08.01.2010;102.6809297;100.85;95.1448;91.94403777;96.674;0.19;-0.698543971;-2.143849558
09.01.2010;101.6054208;99.73;95.3637;92.09255032;96.722;0.19;-0.795698746;-2.126036081
10.01.2010;98.13336117;96.09;95.1109;92.41320243;96.843;0.19;-0.995158111;-2.809563995
11.01.2010;98.63485251;96.63;95.1383;92.64736285;96.955;0.19;-0.956014199;-3.336774329
12.01.2010;99.78243816;97.86;96.0599;93.01948805;96.975;0.18;-0.884818623;-2.447128526
01.01.2011;98.56209777;96.62;95.9364;93.32115418;97.214;0.17;-1.011230528;-2.050689048
02.01.2011;97.77414039;95.57;95.5154;93.62113266;97.396;0.16;-1.091306515;-1.702821191
03.01.2011;96.75311518;94.25;96.4643;94.1054861;97.543;0.14;-0.991459633;-1.772931983
04.01.2011;95.16993061;92.59;96.1187;94.54722657;97.761;0.1;-1.066277584;-1.512625496
05.01.2011;95.32300764;92.49;96.3377;94.84804887;97.994;0.09;-1.140434451;-1.967993713
06.01.2011;95.35064841;92.44;96.6154;94.84804887;98.106;0.09;-1.121828596;-2.566374928
07.01.2011;94.70754138;91.8;97.1292;95.09655426;98.265;0.07;-1.192217651;-2.810758104
08.01.2011;95.53276207;91.69;97.6731;95.39653274;98.47;0.1;-1.377083714;-3.891860425
09.01.2011;98.7704315;94.46;97.6494;95.60369087;98.543;0.08;-1.40241793;-4.468565984
10.01.2011;99.77953718;95.43;98.3222;95.66824321;98.596;0.07;-1.437214906;-3.717419868
11.01.2011;100.7010313;96;98.2433;95.84502377;98.805;0.08;-1.483511383;-3.672072901
12.01.2011;101.7595568;97.16;98.7876;95.86780695;98.971;0.07;-1.466415191;-3.515486269
01.01.2012;101.3157147;97.35;99.3925;96.12896965;99.284;0.08;-1.539766711;-3.63906924
02.01.2012;99.4078455;95.97;99.6203;96.33444015;99.439;0.1;-1.451670588;-3.941809666
03.01.2012;100.2774425;96.76;99.1551;96.53611344;99.597;0.13;-1.266075438;-3.666026238
04.01.2012;100.4838038;96.6;99.9006;96.6964395;99.753;0.14;-1.262008005;-3.605770313
05.01.2012;102.1612731;98.07;100.0924;96.49645384;99.849;0.16;-1.237215318;-4.003396211
06.01.2012;103.4957583;99.39;100.0728;96.41671273;99.948;0.16;-1.111058173;-4.066886459
07.01.2012;102.8183717;99.44;100.3354;96.44455883;100.052;0.16;-1.178766679;-4.221787684
08.01.2012;102.0178564;98.32;99.856;97.00485619;100.111;0.13;-1.258662471;-4.259186336
09.01.2012;100.3147405;96.34;99.9049;97.46769219;100.238;0.14;-1.360458336;-4.596541943
10.01.2012;100.3082831;96.23;100.1167;97.73054253;100.476;0.16;-1.338961828;-5.070116713
11.01.2012;101.2287303;97.15;100.5991;97.56641929;100.586;0.16;-1.42285418;-5.176324894
12.01.2012;100.4716566;96.48;100.9542;97.55460579;100.667;0.16;-1.429921775;-5.362566261
01.01.2013;100.9555753;97.11;100.8204;97.74784087;100.865;0.14;-1.35764594;-5.294395981
02.01.2013;102.5789971;98.41;101.3995;98.27860449;100.984;0.15;-1.422498517;-5.059140854
03.01.2013;103.5867974;100.46;101.8114;98.002253;101.076;0.14;-1.440609824;-5.12675235
04.01.2013;103.2421802;100.62;101.6364;97.79762633;101.16;0.15;-1.523694754;-5.369277898
05.01.2013;104.0642464;101.45;101.7476;97.83812975;101.268;0.11;-1.269035045;-5.338669906
06.01.2013;104.3494776;100.72;101.9549;98.07102444;101.437;0.09;-0.969526681;-4.210625374
07.01.2013;105.091074;101.8;101.5204;98.26299379;101.565;0.09;-1.522278103;-3.064772458
08.01.2013;104.578569;100.69;102.1907;98.49757612;101.678;0.08;-1.66641055;-3.038485372
09.01.2013;104.3077301;100.19;102.717;98.53470426;101.795;0.08;-1.802352474;-2.630553185
10.01.2013;103.1616244;98.88;102.5371;98.58744309;102.004;0.09;-1.852108619;-3.244519778
11.01.2013;104.2705532;99.97;102.8379;98.76928659;102.176;0.08;-1.998944397;-3.643871567
12.01.2013;104.6308922;100.27;103.1504;99.03044929;102.311;0.09;-2.133237904;-3.574386886
01.01.2014;105.8560866;101.36;102.7216;99.29540919;102.4;0.07;-2.376125603;-2.953452172
02.01.2014;105.7483619;101.2;103.5917;99.36924356;102.451;0.07;-2.542286951;-2.963260989
03.01.2014;105.3681322;100.83;104.5889;99.55235278;102.67;0.08;-2.624388438;-2.654604056
04.01.2014;104.4654234;100.33;104.6371;99.76626149;102.866;0.09;-2.891786978;-1.997224332
05.01.2014;104.0742228;100.03;105.0152;99.9367134;103.029;0.09;-2.985643605;-1.856677633
06.01.2014;104.2937081;100.28;105.4081;100.0721467;103.156;0.1;-2.888582261;-1.699540487
07.01.2014;104.1381417;100.1;105.6157;100.1974542;103.361;0.09;-2.836697906;-1.395471838
08.01.2014;105.4596998;101.55;105.4986;100.1780463;103.396;0.09;-2.892561964;-1.155020197
09.01.2014;107.6929632;103.93;105.8138;100.1835311;103.532;0.09;-2.805139142;-0.86399766
10.01.2014;109.3324503;105.65;105.8357;100.1814216;103.615;0.09;-2.801709631;-1.009697294
11.01.2014;111.8085092;108.23;106.6634;100.0105478;103.732;0.09;-2.768344431;-0.883448673
12.01.2014;114.3406592;109.97;106.5085;99.68483273;103.806;0.12;-2.420748003;-0.577269194
01.01.2015;116.7504725;113.41;105.9806;99.07981284;103.776;0.11;-2.268755063;-0.435599375
02.01.2015;118.6786741;115.54;105.4425;99.26460971;103.874;0.11;-1.973647834;-0.231249708
03.01.2015;121.5635244;118.39;105.1464;99.55235278;104.057;0.11;-1.808445105;-0.207882139
04.01.2015;120.6393428;117.5;104.5272;99.64053211;104.226;0.12;-1.59495318;-0.35828049
05.01.2015;119.4587442;115.45;104.0742;99.97257581;104.35;0.12;-1.433637129;-0.340841014
06.01.2015;120.6543459;116.25;103.7174;100.2535683;104.496;0.13;-1.387883477;-0.310121213
07.01.2015;123.2310599;118.65;104.3243;100.4117848;104.621;0.13;-1.279943557;-0.425410657
08.01.2015;124.4319807;119.28;104.1621;100.4100972;104.72;0.14;-0.915565978;-0.263463967
09.01.2015;124.4223404;119.16;103.7768;100.1898598;104.865;0.14;-0.739273126;-0.393069883
10.01.2015;123.3710319;118.24;103.3976;100.3151673;104.883;0.12;-0.530657314;-0.654041884
11.01.2015;126.1118963;121.38;102.6866;100.4451158;105.037;0.12;-0.004377387;-0.160917051
12.01.2015;126.8230755;121.76;102.1014;100.3417476;105.106;0.24;0.24;0.095286979
01.01.2016;128.9747822;123.19;102.9525;100.4105191;105.302;0.34;0.34;0.077008025
02.01.2016;127.0308775;120.95;102.2225;100.217284;105.489;0.38;0.38;-0.172833792
03.01.2016;124.3836319;118.93;101.4155;100.4240202;105.592;0.36;0.36;0.158691612
04.01.2016;122.1758472;116.12;101.5167;100.7704089;105.849;0.37;0.37;0.109744902
05.01.2016;123.5073597;116.65;101.4298;101.0218676;106.023;0.37;0.37;0.184509689
06.01.2016;123.4834823;116.34;101.8747;101.2897809;106.152;0.38;0.38;0.142626497
07.01.2016;124.3304151;117.41;102.1325;101.2830303;106.384;0.39;0.39;0.106058784
08.01.2016;123.0389538;115.91;102.0407;101.4986267;106.585;0.4;0.4;0.285940056
09.01.2016;123.8923845;116.23;102.0477;101.6876427;106.671;0.4;0.4;0.349907601
10.01.2016;125.5356852;118.32;102.2485;101.9618846;106.837;0.4;0.4;0.383186696
11.01.2016;129.4018899;120.78;102.0507;102.1365556;106.909;0.41;0.41;0.458503814
12.01.2016;132.0475449;123.21;102.9281;102.4331588;107.054;0.54;0.54;0.545567265
01.01.2017;131.7589552;122.34;103.0366;102.9580157;107.308;0.65;0.65;0.591066534
02.01.2017;129.4986957;120.96;102.6479;102.9892371;107.459;0.66;0.66;0.635218964
03.01.2017;128.6411979;121.41;103.343;102.8268015;107.328;0.79;0.79;0.837325129
04.01.2017;127.2800943;120.72;104.2721;102.9829084;107.585;0.9;0.9;0.87773611
05.01.2017;126.5418336;119.78;104.4129;102.9086521;107.713;0.91;0.91;0.973353459
06.01.2017;124.5594465;118.29;104.5849;102.9597033;107.873;1.04;1.04;1.05155886
07.01.2017;122.3796949;116.03;104.5427;103.0457731;107.976;1.15;1.15;1.080594526
08.01.2017;121.1332343;114.29;104.0475;103.4786534;108.086;1.16;1.16;1.054642782
09.01.2017;120.5687599;113.09;104.0502;103.9554125;108.246;1.15;1.15;1.116529213
10.01.2017;123.1129801;114.86;105.6287;104.0359974;108.527;1.15;1.15;1.230881893
11.01.2017;123.3128957;115.08;106.193;104.3853394;108.627;1.16;1.16;1.322114361
12.01.2017;122.7786914;114.46;106.536;104.5958729;108.808;1.3;1.3;1.452470238
43101;119.7940106;111.63;106.2655;105.1591236;109.054;1.41;1.41;1.576464013
43102;119.4444234;110.86;106.6419;105.3169182;109.24;1.42;1.42;1.652488679
43103;119.7248878;111.36;107.2519;105.2506782;109.431;1.51;1.51;1.761450731
43104;119.9176034;111.48;108.2223;105.483151;109.618;1.69;1.69;1.88836148
43105;123.6047871;114.27;107.3639;105.7033884;109.845;1.7;1.7;1.986686492
43106;125.596509;115.62;108.1707;105.8392436;109.978;1.82;1.82;2.043122464
43107;124.9255239;116.3;108.652;106.0202433;110.177;1.91;1.91;2.136665331
43108;125.1906364;116.74;109.5246;106.2565132;110.19;1.91;1.91;2.195406727
43109;125.0431862;116.33;109.6749;106.318956;110.37;1.95;1.95;2.316722227
43110;126.2284496;117.29;109.9165;106.6704076;110.502;2.19;2.19;2.38921099
43111;127.8036065;118.17;110.5067;106.6910812;110.666;2.2;2.2;2.424755698
43112;127.8913436;118.51;110.5516;106.630748;110.812;2.27;2.27;2.384374784
43466;125.7938221;117.51;110.1185;106.6054334;110.852;2.4;2.4;2.371712532
43497;126.0896744;117.74;109.5631;106.7910741;110.894;2.4;2.4;2.350843537
43525;126.9348743;118.37;109.6811;107.2277516;110.96;2.41;2.41;2.304776669
43556;127.2078789;118.88;108.9888;107.5694992;111.232;2.42;2.42;2.300424679
43586;127.7943134;119.65;109.2264;107.6526156;111.362;2.39;2.39;2.206954147
43617;126.8234723;118.51;109.2774;107.7159022;111.648;2.38;2.38;1.919192897
43647;126.7322173;118.48;109.0852;108.0770578;111.878;2.4;2.4;1.840462299
43678;128.2638675;119.52;109.9634;108.1357033;112.027;2.13;2.13;1.622080277
43709;128.4449352;119.87;109.4437;108.1601742;112.085;2.04;2.04;1.661997641
43739;128.0679609;119.37;108.8532;108.5453786;112.221;1.83;1.83;1.83
43770;128.0912202;119.22;109.7573;108.8259492;112.309;1.55;1.55;1.55
43800;127.3671297;118.65;109.433;109.0759478;112.567;1.55;1.55;1.55
