,wag,rt,emp,loa,car,pi,cpi,wibor_on,wibor_1m,reer,all_com_pri_ind,m3,pi_ea,pi_germany,oil
1993-01-01,342.873275302,110.574265034,5843.263104744,22813.855964899,8.356099502,35.295878784,32.989497789,19.32,34.77,65.5766962596199,52.8381215671616,11972.931056671,83.3,77.4,17.39
1993-02-01,362.520974888,106.491007492,5839.740223576,23363.358671559,8.102110673,34.508996339,34.049788946,18.32,33.77,66.9325058414696,53.7261105462293,12605.964618759,82.5,76.2,18.47
1993-03-01,364.603604906,107.621232742,5824.7009623,24128.587000899,8.254748493,34.172456979,34.832355219,15.32,30.77,67.8858094537077,54.2500521388616,13293.322630126,82.2,76.1,18.79
1993-04-01,372.093517712,111.163710959,5825.313741731,24765.8237141889,8.405316568,34.140474471,35.461797603,15.32,30.77,67.6633719441854,54.6462829713103,14041.698364509,81.7,75.5,18.67
1993-05-01,384.076794152,113.898774549,5812.321712144,25347.645261334,8.530765616,33.979274289,36.23462767,15.32,30.77,68.3518689974685,54.7652699841566,14772.045255358,81.5,75.3,18.51
1993-06-01,392.541050495,118.196664222,5794.530631954,26126.273785052,8.728186441,33.879707908,36.999564568,15.32,30.77,68.3306844727521,53.3736286105415,15572.733780316,81.1,74.9,17.65
1993-07-01,402.703309051,104.221930513,5778.107542347,26755.344740637,8.430927293,35.298415858,38.222398026,15.32,30.77,69.7076785793181,52.9638917860947,16406.34049451,80.7,73.3,16.78
1993-08-01,423.413551774,101.995728713,5764.767087153,27503.863295911,8.396801197,34.032538407,39.588228912,16.8,31.45,70.014854187706,52.533379243138,17275.133329619,81.7,76.4,16.7
1993-09-01,427.36834724,103.010134005,5753.439283775,28129.693154844,8.940309892,34.427964259,40.056564068,15.64,32.36,64.4115474002178,51.5141998166569,18225.196442737,82.2,76.1,16.01
1993-10-01,432.487901658,104.026005047,5749.412565772,28778.864489282,9.274612203,36.561861003,40.70575299,14.42,32.48,64.7716843203967,51.7819783889051,19143.186222348,82.1,76.1,16.61
1993-11-01,448.925590536,105.972448197,5739.55108516,29229.398788049,9.448124022,35.352867916,42.232080953,12.75,32.57,66.1380861646045,50.4763327522343,20201.627435534,82,75.8,15.2
1993-12-01,456.082442781,102.538310448,5741.890938243,30107.696960147,9.537982163,34.919806138,44.716568145,17.57,32.64,68.6590446058563,49.313890825757,21094.167120059,82.1,76.5,13.73
1994-01-01,485.346700324,103.842243676,5669.166369131,30840.049536897,9.795950793,36.176524523,44.588916916,22.64,32.57,68.9838964900633,50.3549079286469,22454.118506938,82.3,75.9,14.29
1994-02-01,494.252768135,106.943151774,5645.763226017,31514.392828003,9.846559505,35.758863269,45.015744068,13.25,32.34,68.2258562342699,50.6943828658886,23640.799313758,83.5,77.2,13.8
1994-03-01,520.729108663,109.592913639,5640.118227348,32035.99465934,9.84900455,36.022256837,45.974690432,17.15,31.01,67.8387232386837,50.5311180918706,24929.930482468,83.5,76.7,13.82
1994-04-01,520.819710681,99.556781528,5626.788594201,32569.406702806,9.879782101,35.737845134,47.131046142,15.57,31.54,68.2906830698391,52.5912318533333,26334.128853166,85,77.7,15.23
1994-05-01,541.38813609,99.519292561,5616.226177751,33141.111351926,10.124373188,36.940772965,48.054808623,12.81,30.55,67.7344063677152,54.8525810679255,27703.209301979,84.8,77.4,16.19
1994-06-01,559.452111267,98.782321133,5604.882708847,33756.332960954,10.385371761,37.393071769,49.415274377,11.53,30.67,67.8831547248526,56.5923825755951,29204.963460869,85.3,77.7,16.76
1994-07-01,575.449656018,99.186152285,5617.999744563,34408.498905337,10.628563128,35.605385531,51.007113584,12.21,30.11,66.9938993650167,57.8698974797121,30768.259630199,85.5,77.4,17.6
1994-08-01,579.873723965,102.957448705,5618.317957234,34725.07885777,10.820852133,35.580560633,52.3988055,12.15,29.58,66.8263261222924,56.5929038428318,32397.347968724,85.7,77.5,16.89
1994-09-01,603.281819855,102.902538862,5621.648459664,35305.356921714,10.967552683,35.995208986,54.197837746,18.78,29.91,68.4416786618338,56.6831603471149,34179.693925989,86.1,78.5,15.9
1994-10-01,621.312983099,101.545113955,5613.094993994,36080.74473277,11.123626144,37.098184551,55.641045576,25.13,29.55,69.2105015820837,56.941133013194,35899.959814988,87.1,80,16.49
1994-11-01,633.511473332,102.457368764,5626.126926534,36985.606075513,11.391613156,37.499937286,56.579443514,25.6,29.1,69.486138921194,57.9046508377177,37885.746148923,87.7,79.9,17.19
1994-12-01,654.216058907,104.635437179,5627.287259026,37694.4549273489,11.641077641,37.302649551,57.767127491,24.83,28.24,69.7639734093881,57.4624262105956,39555.1478678,88.5,80,15.93
1995-01-01,668.075077028,108.593937187,5655.675799375,38542.951072198,11.723314819,39.173377521,59.15116323,26.65,28.43,70.9937191422817,58.8758731284467,42110.9547276759,88,78.5,16.55
1995-02-01,675.22886148,110.314560748,5672.64335186,39255.441256799,11.594802479,40.026578718,60.321808919,23.75,28.76,71.0512266428474,59.3254235689638,44335.125957411,88.2,79.7,17.11
1995-03-01,688.679898505,109.042520168,5696.525734654,40631.832087912,11.421555248,39.478611195,61.404328433,28.26,30.05,71.0979734839361,59.8443146535886,46753.2908507219,88,79.1,17.01
1995-04-01,724.825898787,106.675936027,5691.471190595,41604.10263715,11.276851787,39.894610949,62.622103898,27.78,29.38,71.676484453634,61.3601263891163,49389.550816299,88.4,79.5,18.65
1995-05-01,730.100582385,109.31295741,5702.61008616,42611.903924872,11.347767212,40.427328491,63.860127136,27.32,28.2,72.9598790345091,60.7245561383706,51954.932915706,88.6,79.9,18.35
1995-06-01,737.264936901,109.638340071,5700.832551136,43768.659342817,11.432932015,40.674835548,64.752502462,26.72,27.33,73.8018511198943,60.0880294412143,54771.906549111,88.2,79.2,17.31
1995-07-01,750.369846117,110.582394218,5699.96111241,45155.633647034,11.501110072,41.43015718,65.047275945,26.74,27.52,71.6937958143837,59.0659875766762,57703.492781767,88.2,78.8,15.85
1995-08-01,778.111511229,112.594033157,5703.516587976,46243.51923079,11.51748109,42.337998705,65.887743171,26.61,26.82,71.6219719960267,58.8961245263257,60757.65570144,88,78.1,16.1
1995-09-01,797.422112586,112.250807675,5701.863829018,47420.574192108,11.493567746,42.308448303,67.325040933,26.27,26.29,73.6076758320008,58.7246872215431,64102.361479418,88.7,79.6,16.7
1995-10-01,813.284559397,113.651991572,5706.271238266,48687.8987852,11.477006629,41.076748383,68.397969437,25.64,25.74,73.6289779493105,58.0573700691039,67323.301783088,87.5,77.4,16.11
1995-11-01,821.860552789,115.888104527,5709.142408638,49991.734950197,11.571917615,42.876991883,69.251129983,25.61,25.71,73.5444944500716,58.505903543351,71050.160253768,87.7,78.1,16.86
1995-12-01,832.694380145,114.344768867,5703.447444986,50936.153474517,11.647215514,43.441068838,70.378115327,25.29,25.68,74.1456225018851,59.3659871817576,74163.821863843,88.8,78.5,17.93
1996-01-01,857.419192479,114.532129503,5626.186250844,51663.692743661,11.795757845,42.777263717,71.7531761,23.54,23.92,77.5233074021379,59.1238487754799,78976.751599925,87.5,78.2,17.85
1996-02-01,880.329193484,119.201629854,5627.671819188,53146.785708771,11.727965725,42.70550421,72.737545501,22.86,22.81,77.5223211854514,59.7900656479925,83144.562979266,87.3,78.3,18
1996-03-01,892.714966339,119.291439711,5623.030156428,54128.710828855,11.618634059,44.225104185,73.872084144,22.94,22.85,77.7728350137975,61.6026070795348,87681.417524601,87.5,78.5,19.85
1996-04-01,910.968574939,120.535195269,5634.409581673,55484.241831143,11.53839142,44.218381041,75.312686058,22.92,22.92,78.9136708567251,64.2231007578116,92633.771015105,86.6,78,20.9
1996-05-01,932.386916018,117.741645093,5628.082778045,56856.710628807,11.677825988,44.141557693,76.465694408,21.54,22.09,79.3375686471753,63.3728568928609,97438.882984712,87.5,78.9,19.15
1996-06-01,934.517551574,118.409333147,5651.856662721,58705.2586827659,11.829548117,43.546674519,77.470208525,21.98,21.75,78.5505977257282,61.238336335745,102723.691447703,87.6,78.9,18.46
1996-07-01,959.25288879,121.790511305,5655.890488863,59949.617648347,11.964979348,45.123228299,78.280207324,19.8,20.44,77.4276950975125,61.8559301634935,108221.147072201,86.7,78.1,19.57
1996-08-01,976.448113529,120.629072992,5667.555431768,62275.063078357,12.04721769,45.930255374,79.288913541,17.84,19.65,76.5353636773622,62.4138922828035,113946.195345799,87.9,79.4,20.51
1996-09-01,985.872613714,123.670046006,5676.141051533,64506.980177309,12.09406409,45.793239616,80.310149769,21.01,19.83,77.3537674136987,62.9438574621896,120225.070618024,87.9,79.9,22.63
1996-10-01,1014.275366283,125.319889981,5687.655182398,66813.969784959,12.146357057,45.965375977,81.294377674,19.82,19.59,78.0130895734399,63.7663651602281,126251.081794591,87.3,78.9,24.16
1996-11-01,1031.648164865,124.441339182,5693.233186373,69391.980117898,12.310670201,45.903554186,82.327284671,19.5,19.6,78.2894067272101,62.9242108165112,133248.870067617,88.1,79.8,22.76
1996-12-01,1048.039383928,127.415813729,5699.972847639,72542.519486101,12.454265725,46.967461301,83.469016976,22.8,22.74,79.5290421675118,64.2448541443997,139041.986862364,87.9,79.9,23.78
1997-01-01,1053.791601482,132.903890763,5697.538976207,74682.715714944,11.536539086,47.215869871,82.859215925,21.57,22.2,81.6759634023643,64.8577566053651,139460.457106083,88,79.3,23.54
1997-02-01,1075.211818148,130.314920402,5700.681425953,76960.483523749,11.928634352,48.127758914,85.686597372,21.89,22.48,82.8739879041867,62.1388606106606,141667.824717058,88.6,79.8,20.85
1997-03-01,1091.861587035,130.58496691,5702.185737111,79162.806564621,12.281723149,47.81851204,86.402112094,22.88,22.57,83.2332403907398,61.5490649884992,145013.01873206,89.6,80.6,19.13
1997-04-01,1104.217598821,131.777446096,5708.130952218,81427.842663464,12.665014965,49.57330192,87.090806127,22.41,22.89,83.3738953741447,59.7372071499621,148487.493194281,90.5,80.4,17.56
1997-05-01,1117.7118585,132.050843671,5716.027411379,83051.780090006,12.673360219,48.146136753,87.691392287,23.19,23.01,82.0774629224045,61.6913940395244,151895.035662729,89.7,79.8,19.02
1997-06-01,1163.61921287,135.970008393,5720.154147772,85046.515046927,12.692344005,51.118448384,89.254739383,22.63,22.66,82.2786078474667,58.6228119556368,155012.755099394,91.2,82,17.58
1997-07-01,1178.217425263,133.667578369,5727.352105632,87098.764831272,12.695450003,49.680800826,89.939732522,21.91,24.04,80.1336852271778,58.3869261084333,160694.256967585,91.8,82.9,18.46
1997-08-01,1179.084047108,135.213952582,5729.44914054,89031.197012609,12.610096706,50.367150896,90.676422474,23.61,25.14,80.035287462767,58.6927491001992,162508.54614541,91.9,80.5,18.6
1997-09-01,1200.636598872,139.030240846,5742.535548517,91069.545065214,12.493896061,51.765639849,91.496092687,23.32,25.01,79.882135778581,58.1547036329321,165361.361561287,91.6,81.1,18.46
1997-10-01,1219.877326741,142.360929807,5750.161262346,92234.133039576,12.38127628,50.83664678,92.348875557,21.62,24.88,80.283432108384,58.9615862757284,169906.36760633,92.9,82.4,19.87
1997-11-01,1241.658913907,141.478401339,5751.265891652,94561.245808678,12.382449182,52.254882596,93.439216993,24.32,25.07,78.6077907508894,57.9045494055647,173435.801417394,92.6,82.7,19.17
1997-12-01,1234.577706505,145.192366576,5745.040653143,96267.361344689,12.361475868,52.063412635,94.444818974,19.26,25.61,80.57684971636,54.537404288954,177811.559009285,93.4,83.4,17.18
1998-01-01,1281.936145522,148.055231483,5819.956293449,98999.87912359,12.343928731,52.68495206,96.350676403,25.44,26.05,85.6376684883662,51.1389482772227,178445.335088255,93.8,84.1,15.19
1998-02-01,1283.60118221,152.883887002,5836.732150818,100672.28516334,12.496267511,53.365360624,97.925925965,23.56,24.96,86.4595582616169,50.6231437902177,180816.367729788,94.2,84,14.07
1998-03-01,1284.207841307,149.185461744,5841.478104703,102830.139187827,12.612725938,52.387738135,98.472823234,23.08,25.13,89.1703103375175,49.4758027138864,183321.934038665,94.1,85,13.1
1998-04-01,1292.524381469,151.109389418,5842.901288434,104685.546852554,12.761069381,52.989371988,98.967355157,23.41,24.42,90.1329784769756,49.823744312464,186496.723814947,94.3,84.5,13.53
1998-05-01,1325.955322018,153.931883528,5847.084342016,106652.852936149,12.670884142,53.387630804,99.480536822,23.12,23.22,88.7868853903098,50.2647860266794,191296.740965036,94.7,84.8,14.36
1998-06-01,1335.666685784,150.849621045,5849.947813853,108754.029865404,12.589855227,52.50869724,99.834647564,22.22,22.26,88.5821485119608,48.0850421147603,195695.001044928,94.2,84.1,12.21
1998-07-01,1346.264934015,152.309829552,5852.983401969,110335.554330812,12.493595893,52.378654272,100.553922774,20.67,21.25,88.5960095653319,47.3934518596443,200006.722345725,95.1,86,12.08
1998-08-01,1368.832253717,155.456582261,5837.485541699,111711.975883475,12.239498323,53.164638081,100.944826139,19.79,19.96,85.3698069181871,46.0598129908365,205249.796944829,93.8,84.5,11.91
1998-09-01,1377.839425696,154.749967757,5825.166220788,114368.225909153,11.958965797,51.911644804,101.210958142,18.13,18.88,82.9258396609062,47.0358376625046,207054.046171768,94.1,83.6,13.34
1998-10-01,1394.392377073,155.520809994,5822.223941449,116964.92839844,11.680342506,51.374672101,101.543452855,18.63,18.38,83.2729367772261,45.9498550705514,207279.403025937,94.3,84.1,12.7
1998-11-01,1417.293935653,155.174621928,5799.96037372,118891.121703032,11.351682869,50.576758346,101.952180459,17.27,17.41,86.5665089160309,44.5533049578089,210823.396073173,93.7,83,11.04
1998-12-01,1423.974097248,154.987107067,5800.802134363,120630.375296214,10.999326119,50.76785536,102.531735587,15.67,16.52,85.5802814402316,42.2961500336294,221681.114048096,93.1,83.3,9.82
1999-01-01,1670.938837998,155.150373113,5854.400528155,122726.092899644,10.648861427,51.081938051,103.099494084,15.23,15.27,87.4239830317993,43.3765091072722,226662.777915719,94.6,84.7,11.11
1999-02-01,1695.812158919,167.71308286,5822.375763091,125354.013503692,11.630346206,50.732053453,103.621254171,13.33,13.36,84.23220018621,41.9775488473292,233367.616837102,93.3,83.1,10.27
1999-03-01,1747.725529648,176.74157033,5807.118595082,127481.756181356,12.57936695,53.553225876,104.58130716,12.89,13.36,83.8439454683124,43.8994507388907,236818.953652432,93.4,83.6,12.51
1999-04-01,1760.500721998,173.334637206,5793.65932436,130480.038479993,13.561757049,52.786739982,105.297721131,13.35,13.36,84.3614743257165,46.8351359472169,237500.563843099,94.1,84.4,15.29
1999-05-01,1794.921543244,180.637063114,5778.704740126,133624.542124718,13.539428848,54.80224023,105.978792507,13.3,13.35,86.5884936525741,47.6000769790902,240250.020562088,94,84.7,15.23
1999-06-01,1819.883235066,180.079885995,5762.697739906,135556.497718308,13.524837407,52.937683457,106.440536994,13.29,13.34,87.9286451087211,47.3760698286798,242975.872747275,94.8,84.6,15.86
1999-07-01,1847.236291056,185.044169789,5742.019579489,137788.391674525,13.495392161,54.216610381,106.805434214,13.29,13.34,88.9281117103822,49.7488200199599,244597.343827133,95.5,85.3,19.08
1999-08-01,1858.98645976,185.739881332,5743.676330891,140704.47599926,13.370569138,55.612419069,108.070887501,13.23,13.4,86.0381448112247,52.2186151275506,247682.186193348,95.4,86,20.22
1999-09-01,1881.449199022,184.644792253,5729.954210751,143347.24546764,13.223335484,56.172684424,109.281995899,12.9,13.83,84.9048307456445,55.0832823977732,252675.561121637,96.1,85.6,22.54
1999-10-01,1899.926854013,186.218586019,5718.426455738,146065.05243936,13.076192973,56.668327303,110.281869926,12.78,14.72,83.869873611264,55.1240145587501,256542.679572665,97.1,86.6,22
1999-11-01,1917.859252594,189.648236772,5716.132130813,149671.39953248,12.981476949,57.236840029,111.302528431,14.55,16.77,84.3566548155807,57.1012827166932,261656.790109049,97.5,86.7,24.58
1999-12-01,1974.115323224,191.258483301,5707.95523626,151440.009305069,12.861155416,59.913710651,112.390752147,16.54,20.43,88.0023304937107,58.2695090697795,266183.018020974,97.1,86.8,25.47
2000-01-01,1966.43621497,181.065700283,5335.65862892,154610.291793359,12.743925572,55.792961242,113.554465178,17.51,17.11,90.6631607558178,59.4699156265344,261479.861035264,96.9,86.2,25.51
2000-02-01,1996.627644553,184.636791914,5320.204438323,156672.79538992,12.592375832,57.510607728,114.524204226,14.59,17.43,92.3992347426287,61.7627595437091,264578.919092352,98,88.1,27.78
2000-03-01,1996.872645215,186.078323458,5309.089923614,159001.190210149,12.41409262,56.649829102,115.458223393,15.83,18.17,95.6909540245623,62.2102008648766,269853.691887875,98.4,87.9,27.49
2000-04-01,2053.169311679,190.039885191,5298.526497554,160875.566414714,12.267590844,58.493548803,115.74882491,16.32,18.16,94.095306956999,58.3450045440816,273951.727193786,99.4,89.2,22.76
2000-05-01,2019.818758961,185.090792584,5292.487892521,163672.116514593,12.380058977,59.237464564,116.46878458,14.53,18.14,92.693064620038,62.4904343378138,277093.225774931,100.7,91.1,27.74
2000-06-01,2054.536339218,188.190419426,5287.668122425,175386.217646774,12.498573339,60.060983292,117.62919943,17.34,18.12,91.545635466909,64.6188399133455,292252.184186044,99.3,88.7,29.8
2000-07-01,2049.066222306,184.786567612,5278.930960837,169098.602299793,12.602379514,59.409505714,119.133459101,17.51,18.05,94.4751917131369,63.0474892141891,284969.770977789,100.5,90.8,28.68
2000-08-01,2080.632572248,183.577186028,5267.812996545,172377.763891279,12.70561693,59.489598423,119.413670582,17.23,18.29,96.000498816348,63.9552639634001,285335.412673295,100.5,91.4,30.2
2000-09-01,2097.016507307,183.065859938,5264.435504792,174194.283147819,12.790237735,59.944718312,120.25032392,18,19.39,96.8646032275678,67.2172727155894,289754.076919434,100.7,91.5,33.14
2000-10-01,2104.780004559,180.904532771,5256.288845273,176536.963455314,12.873166323,59.486481043,121.022453643,19.49,19.46,95.9793301615108,66.1526420764811,295229.2606536,100.8,91.2,30.96
2000-11-01,2114.353650517,182.46322632,5239.539967403,177378.687781157,13.078192292,59.716100791,121.558474042,18.83,19.64,97.9214593215862,66.9502544464832,299294.002830434,101.8,91.6,32.55
2000-12-01,2134.965678868,183.698983281,5223.936598622,179070.989021677,13.255492933,61.078200672,121.858804688,18.8,19.84,99.2225090846845,61.0691512760441,297743.119801656,102.5,92.1,25.66
2001-01-01,2139.82313623,176.49156693,5199.592160222,181238.52265143,13.4374409,59.479316041,122.122692616,20.38,19.44,101.38748058126,61.8779594650662,299821.013016279,101.5,91.7,25.62
2001-02-01,2145.596480132,173.838389394,5192.627863432,184028.329510337,13.685919679,59.189417803,122.230121674,20.24,19.33,103.193491428568,62.4714525232929,303848.953607671,101.9,92.7,27.5
2001-03-01,2165.242687074,174.034032541,5172.083609652,185904.706175646,13.913319151,59.700045678,122.745132998,19.41,18.37,105.483672288264,60.3348537045837,309549.234221843,101.3,91.5,24.5
2001-04-01,2173.919865066,177.765415677,5154.893261935,187363.797364613,14.170951662,59.652797609,123.488379888,18.56,17.44,108.461356639379,61.1564028957266,311489.887552266,100.4,90.4,25.66
2001-05-01,2196.418665723,178.391837186,5135.603900881,189098.410602666,14.118785735,59.428914389,124.755738941,17.93,17.5,111.862302100734,63.3476134922898,313218.376978296,100.8,91.2,28.31
2001-06-01,2180.470604232,176.096032774,5113.754975876,190278.385870139,14.071247088,58.317182178,124.915558696,17.57,17.38,114.100606901563,62.4200832889962,315374.855780768,100.7,91.2,27.85
2001-07-01,2208.974411314,175.560951193,5091.949130573,191144.991122177,14.008501695,58.836753562,125.183291997,15.57,16.14,106.781161799743,59.5870925334241,321632.227071208,99,88.9,24.61
2001-08-01,2213.842201607,176.88456036,5070.697153452,191982.289561208,14.340357486,59.931419209,125.459453587,17.03,15.73,101.330662654517,59.7980917554194,325103.488330883,101.3,91.2,25.68
2001-09-01,2225.843307375,178.944058327,5054.654718649,193275.109216529,14.656768293,58.864039506,125.533060584,15.37,14.95,101.143342012211,57.7409250931971,327858.525892001,99.9,90,25.62
2001-10-01,2255.635365541,179.444340229,5028.509592126,194045.983067498,14.96986204,59.239973458,125.779619102,16.88,14.79,104.385519606937,52.0043469888844,330619.392202307,98.6,88.3,20.54
2001-11-01,2248.357047549,178.064488185,5012.750505888,194123.215919598,14.708085412,58.911793363,125.923266743,15.37,14.53,107.298555658857,49.964274873228,322993.473521751,97.9,87.5,18.8
2001-12-01,2246.256706642,181.388544274,4974.756547234,194827.610707584,14.416332858,58.789131226,126.325452673,11.76,12.43,108.809584673831,49.3995439996201,326367.858139139,98.5,88.3,18.71
2002-01-01,2255.942516939,182.274225885,4953.056132585,194705.753546074,14.13072543,58.692201277,126.682705947,12.84,11.9,108.683068138263,50.0703059018394,324382.682299459,98.5,88.3,19.42
2002-02-01,2259.31333766,184.385935708,4934.104748466,194885.611264612,13.912985551,59.208296247,126.808422491,11.04,10.84,106.555080262459,51.2497818948673,326370.560170972,98.8,88.4,20.28
2002-03-01,2271.982881895,185.798676087,4926.722837869,193634.616767353,13.679910204,60.261025596,127.009624061,11.08,10.61,107.139914626306,55.8658901590765,321403.348083841,99.4,88.8,23.7
2002-04-01,2242.813990562,180.273584723,4907.104952793,193606.913405547,13.475433355,57.075911158,127.309158831,10.83,10.45,108.239187854302,57.5559461116132,320954.668292949,99.5,89.2,25.73
2002-05-01,2283.53001539,179.780504351,4896.785321283,194118.371979836,13.657913726,57.039211123,126.854263471,9.67,9.95,105.00937597021,58.149984588928,325313.205778408,99.7,88.5,25.35
2002-06-01,2276.082659949,183.521354958,4891.334523373,194806.176367715,13.843141996,60.708173633,126.603510086,10.58,9.54,101.406739631831,57.6513723257192,325377.669892583,100,90.2,24.08
2002-07-01,2283.260024969,186.578271048,4878.352636558,195827.203353259,14.013275124,60.705158044,126.647157053,8.91,8.97,95.3819611561637,59.8823101840951,328049.19897832,99.4,88.9,25.74
2002-08-01,2289.503254529,186.823068808,4872.837521537,196325.391688445,13.94231647,60.823225424,126.812191494,8.74,8.78,94.956406392957,60.5371594596534,326460.881827746,99.9,90.8,26.65
2002-09-01,2299.233296017,185.406539434,4860.201417939,196919.956433385,13.859707554,61.544339154,126.914023203,8.17,8.14,95.3436450219453,62.934033341958,324931.667038024,100,89.9,28.4
2002-10-01,2285.554600003,186.76156503,4857.021883628,196567.896228029,13.771651995,61.025269467,127.039872938,7.45,7.59,96.2756070856918,62.7225515164535,324266.404921334,99.4,89.1,27.54
2002-11-01,2288.27177972,185.645719385,4856.488218336,196434.86757544,13.674677952,61.769377468,126.98403338,7.19,7.05,98.5869697347079,59.6668997085289,322799.995792719,100,90.4,24.34
2002-12-01,2292.778655411,183.819864715,4859.313665678,196259.406650401,13.544867249,61.118242475,127.196380662,7.27,7.07,97.7309424001245,62.6629464557512,322787.529044956,98.7,88.9,28.33
2003-01-01,2304.471321476,187.826101877,4745.607978546,196857.549644436,13.423116177,60.374609175,127.149518515,7.16,6.76,92.882431321248,66.4720100961463,322810.166658484,100.1,89.7,31.18
2003-02-01,2295.026938239,188.359141175,4742.266830304,197216.443613463,13.337926439,61.635717115,127.287189145,6.28,6.51,94.2589395308286,69.3587614073331,325647.669356698,100.3,90,32.77
2003-03-01,2290.637692511,183.561685131,4730.799145166,198398.525868094,13.242963405,62.032975,127.581944626,6.45,6.26,90.7927952971881,65.7322150810199,325722.563425162,99.6,90,30.61
2003-04-01,2327.684263649,191.796931868,4725.995983712,199036.603371227,13.175550901,63.097797218,127.553089034,6,6.07,91.8972091349553,60.6948046190365,326096.715483053,99.9,89.6,25
2003-05-01,2314.192623219,195.517418451,4722.890278996,200406.826767783,13.394589972,65.140152474,127.358731263,5.79,5.73,91.9988708320499,61.4764339317217,328509.619278992,98.3,89.1,25.86
2003-06-01,2332.024009099,193.553154107,4716.269650402,198844.65764378,13.614907598,64.220876092,127.479123636,5.5,5.51,89.591377435099,62.9953610438944,331747.659304222,98.3,88.5,27.65
2003-07-01,2343.544306433,192.613361458,4717.309437748,200321.234910283,13.819719839,66.954766395,127.593919759,5.47,5.31,89.1256204372463,63.2998324427707,332471.716342917,99.8,90.3,28.35
2003-08-01,2341.136906371,194.705379954,4715.327184064,200885.932634364,13.779603558,65.890152803,127.75131217,5.03,5.26,89.7853849246161,64.9543200406717,333861.042983645,98.8,88.4,29.89
2003-09-01,2363.278320159,197.563662162,4708.168380622,200610.141890595,13.73120475,67.20030013,128.082674616,5.17,5.25,88.1102204610132,63.0386196111059,336676.278707702,98.5,88,27.11
2003-10-01,2360.82475564,199.989515863,4704.460165761,201402.843102981,13.67532444,68.285307458,128.598399174,5.19,5.4,86.3124794770212,66.3965824838994,340886.295081281,100.8,90.4,29.61
2003-11-01,2388.526448364,205.843416211,4697.850411901,203278.589533953,13.97598661,68.892699736,129.040965183,5.07,5.43,86.2662609028704,67.3271694762996,341810.518320565,100.5,91.1,28.75
2003-12-01,2393.952122598,208.376123855,4689.792679813,202660.13957358,14.240640027,68.758700852,129.4798301,5.17,5.53,85.9055814938997,69.110108227211,341560.136981778,100.9,91.4,29.81
2004-01-01,2395.717677575,198.959183343,4674.747693012,203922.118508558,14.515171346,70.129547129,129.521546444,4.99,5.37,85.3558800816296,71.969436585724,340876.038881747,100.7,91.6,31.28
2004-02-01,2427.605296324,202.951751082,4671.284817292,204675.59848714,14.795267629,71.743436271,129.668535668,5.31,5.37,82.5469920877605,73.0187953840496,343594.001315323,101.4,91.9,30.86
2004-03-01,2424.996317808,212.459502028,4669.651424457,206595.467802895,15.070799783,73.510810546,129.965518285,5.19,5.38,83.7475678664179,76.5258999923262,345860.25467433,101.1,91.1,33.63
2004-04-01,2427.197351728,244.2623469,4674.088379641,208240.844762045,15.373183009,76.370443427,130.607844765,5.23,5.55,83.722825906377,77.0791151344303,355360.097328884,101.7,92.3,33.59
2004-05-01,2425.069640608,201.272854452,4681.008877364,207163.158157303,15.296738526,74.644030225,131.65946653,5.27,5.75,85.1901278214879,81.0704720992988,350734.440659014,102,93.3,37.57
2004-06-01,2425.543550122,198.335819377,4682.545857876,209513.686077418,15.220262793,72.724009182,133.059462289,4.61,5.54,88.2315801192945,79.1596906120223,356864.810937222,102,92.5,35.18
2004-07-01,2434.343680394,204.694485921,4684.2078583,209833.90481738,15.127300543,72.573887572,133.540506303,5.63,6,90.6572898410561,81.4605729567248,356911.793801555,102.6,93.6,38.22
2004-08-01,2461.009667433,204.888909166,4679.794483052,211710.378243296,15.21704937,74.113747887,133.681298808,6.16,6.32,90.73612004614,84.6232985994483,360386.375009996,101.1,92.7,42.74
2004-09-01,2460.49108012,205.854808181,4684.026025032,213685.407761561,15.301350118,73.628943623,133.840702557,6.2,6.79,92.3046373389112,83.6454706488401,361311.198257704,102.2,92.5,43.2
2004-10-01,2436.825787843,202.57746351,4689.810296747,229775.920918106,15.376372027,73.441149015,134.359782385,6.36,6.68,94.0611951845506,89.2386840022603,379197.581547158,102.6,93.7,49.78
2004-11-01,2445.688780566,203.272254955,4688.050710419,219517.928689775,15.242210391,73.924691438,134.804990691,6.4,6.69,96.1044219926141,84.5257057631926,366579.658130573,101.6,92.2,43.11
2004-12-01,2462.270451129,204.403684817,4697.711602116,219830.491447868,15.068830435,73.577224492,135.074465241,6.63,6.71,98.7813477367027,81.5946754989137,373555.707891994,101.7,92.2,39.6
2005-01-01,2462.538787955,208.185371841,4739.427606209,221809.250225569,14.907003885,74.3042993,134.773230037,6.51,6.63,99.4692304741306,86.6179235375003,378007.928563204,102.5,94.2,44.51
2005-02-01,2459.391187506,203.847960648,4741.614281953,224392.480107942,14.986879847,72.905117444,134.712183397,6.2,6.56,102.009282898096,88.898896513652,382190.611586945,102.1,93.3,45.48
2005-03-01,2469.047059311,201.458620954,4743.136394061,225533.794245933,15.067455519,71.240752166,134.706481556,6.62,6.36,100.625612635655,97.3259617481107,391082.849434244,102.2,94.2,53.1
2005-04-01,2484.514996485,205.550008015,4751.598700188,228851.825521305,15.174325596,72.80433466,134.828075102,6.03,5.94,97.7570445878968,96.6243908495035,398482.917715614,103.4,94.9,51.88
2005-05-01,2499.534784636,208.70968862,4755.840053383,236685.377032481,15.034550963,71.328985081,134.946795759,5.56,5.55,96.7031910964789,93.5606270931716,405122.669724036,102,93.8,48.65
2005-06-01,2519.354060869,214.090542201,4764.327489168,233453.063277628,14.893203989,74.500095821,134.868821024,5.24,5.37,98.9050748851169,99.9690123982763,405095.205214899,103,95.6,54.35
2005-07-01,2519.462294801,211.52450357,4768.982009461,235673.380066897,14.734708899,73.490025728,135.120152943,5.03,4.88,98.191831597304,103.047037688768,404432.299545868,103.7,97,57.52
2005-08-01,2527.575948579,213.064767988,4775.8500154,238286.592993346,14.687701623,74.532780966,135.641358691,4.81,4.77,99.3048090113153,109.060846637166,410272.146775585,102.6,94.3,63.98
2005-09-01,2536.96427055,210.861448683,4787.947162542,241321.875881889,14.638552434,75.010004971,135.923850648,4.7,4.57,101.31876392183,109.310801180277,415378.185997307,103.9,96.6,62.91
2005-10-01,2586.323099489,215.835403095,4793.283917491,243867.145846253,14.577904072,76.820130711,136.15943852,4.6,4.61,102.620728222259,106.729073356361,422009.882528855,104.1,98.4,58.54
2005-11-01,2614.401818095,215.356012073,4805.469760501,246275.393477231,14.708499101,77.630563375,135.9062589,4.49,4.62,100.072365928906,102.852361115816,422429.264364117,105.6,97.4,55.24
2005-12-01,2504.935514631,220.018294044,4817.813082283,250396.46086515,14.795862313,80.303635185,135.802343802,4.27,4.6,103.755045881761,106.003067881397,422528.841844589,104.9,97.6,56.86
2006-01-01,2547.555368006,222.055036338,4860.228230215,254455.657093404,14.897171869,79.801830039,135.720589946,4.49,4.52,105.060345142311,113.094259751443,422896.881887608,105.4,98.5,62.99
2006-02-01,2576.141199718,222.266432499,4855.074066845,257873.114606754,14.544086738,79.780960142,135.729790711,4.27,4.29,103.939975644211,111.813662379913,431358.44029665,105.6,98.7,60.21
2006-03-01,2572.074189377,223.507918925,4867.739828638,260858.69195343,14.197449639,80.199289205,135.500664645,4.07,4.14,102.243159614924,113.311998827271,433517.529456446,106.2,97.8,62.06
2006-04-01,2593.554094116,232.260320203,4885.382424967,264801.710821039,13.876577836,81.045982207,136.008511421,4.08,4.13,101.94271608573,123.222965989434,439823.067752969,106.4,99.7,70.26
2006-05-01,2612.905245854,233.324681397,4901.071853223,270490.244741723,13.772710325,83.183685703,136.410861666,4.12,4.12,103.082379915263,127.618246893024,449137.439937253,108,100.7,69.78
2006-06-01,2624.957616094,235.05394986,4913.741983583,273627.088859134,13.665630277,83.363401433,136.257926734,3.96,4.12,98.4158393657018,125.900896549062,454655.22836745,108,100.5,68.56
2006-07-01,2651.156817645,237.701575757,4925.688041071,280892.149117902,13.540691475,84.671287601,136.796080077,4.05,4.12,99.3478787467974,131.061288656517,457803.66460764,107.9,102.1,73.67
2006-08-01,2662.856032921,238.242024042,4943.197115983,286427.198464393,13.423830861,84.419683457,137.829559653,4.03,4.12,102.044617914661,130.444976781125,463701.581439474,108.3,102.7,73.23
2006-09-01,2682.225208035,243.388401309,4958.839903167,291704.682343926,13.308070468,85.192385697,137.938606563,3.99,4.13,100.499353144321,119.237554552798,471008.773650587,108.4,102.3,61.96
2006-10-01,2698.925400175,245.019153555,4968.971701938,298142.032549817,13.178771516,85.905781583,137.796746805,4.1,4.14,102.167244187586,116.087860169819,476125.216012198,108.1,101.9,57.81
2006-11-01,2695.009051482,248.060984518,4989.572902746,305309.807883519,13.042211369,86.64061325,137.828790471,3.98,4.13,104.697263934748,117.311082130182,484148.787367085,109,103.7,58.76
2006-12-01,2739.748571883,254.727265534,5014.330030426,315151.527156923,12.858471659,87.729662445,137.736830506,4.03,4.12,103.639518462078,121.012936402253,489831.798441927,111.1,104.6,62.47
2007-01-01,2743.663418459,253.152000628,5043.059773693,320895.150380798,12.690788141,89.034058882,137.851417578,4.02,4.12,101.63475586365,113.037232976241,504354.220686503,110,104.4,53.68
2007-02-01,2755.684767848,257.389744656,5061.955026384,327891.923174374,12.503161003,88.937702696,138.224170321,4.06,4.12,101.887315479347,118.491112334637,509046.436815667,110.6,105.2,57.56
2007-03-01,2813.026132748,263.794593411,5084.986274078,338892.250990692,12.327358159,90.444638917,138.755083491,4.04,4.13,102.535319384244,122.327904437415,511606.509624581,111.2,105.8,62.05
2007-04-01,2808.036491311,262.468620896,5101.458259453,349393.599688671,12.177561962,89.479856273,139.068416564,3.93,4.24,104.835611871523,128.967876418431,518043.654354569,110,104.9,67.49
2007-05-01,2850.757632769,264.906083687,5116.571484912,357668.733451309,12.07632412,89.979856942,139.46936907,4.33,4.4,105.555257747364,129.901128388985,521023.255947832,112,106.9,67.21
2007-06-01,2870.20371442,268.804376881,5141.393839041,368905.987515235,11.970557556,89.720752568,139.72250299,4.36,4.44,104.975974268361,132.94865666208,521731.141962059,112,107.1,71.05
2007-07-01,2892.912471409,271.616859043,5159.13932318,378386.491586943,11.845837031,91.58398753,139.862983084,4.57,4.68,105.615002561964,138.342774370356,529264.911276717,112.1,107.7,76.93
2007-08-01,2926.255721383,275.455771375,5183.151104972,387333.196519844,11.926361376,91.69625244,139.952090779,4.53,4.77,103.628577359562,133.202028567827,538626.801940146,112.8,108,70.76
2007-09-01,2941.176700158,277.959255565,5194.615344877,397558.444641014,12.011108958,91.617531517,140.894586074,4.68,4.96,106.10672747317,140.763926274698,539175.585640128,112.4,109,77.17
2007-10-01,2978.671838106,280.927034787,5218.711362543,407107.341748881,12.080224972,93.439362996,141.463724298,5.02,4.97,108.129726555274,147.876401392535,541816.525251978,113.2,109.2,82.34
2007-11-01,3025.041250508,284.504217914,5237.177033076,416889.386419384,11.8433543,94.224535568,142.473381298,5.04,5.12,110.651550450699,157.937248792485,550017.956848147,112.5,108.9,92.41
2007-12-01,2950.279778584,280.154288104,5260.690514851,425702.140707849,11.554828655,94.29766793,143.072492459,4.46,5.62,111.221838316579,156.827935784777,555232.94492226,112.9,109.8,90.93
2008-01-01,3057.837652089,292.794035539,5339.250879439,437593.567062135,11.284722534,98.432093083,143.673067528,5.2,5.43,111.829161298626,162.476185384186,569421.413693285,114.1,110.7,92.18
2008-02-01,3104.063452746,295.931299819,5361.823774028,447261.435510858,11.061670204,98.607204138,144.208981655,5.4,5.53,112.151608919357,171.411579217356,577574.602479131,114,110.4,94.99
2008-03-01,3108.754197884,293.411953884,5379.905734662,459344.916930569,10.856146717,95.152093958,144.599882483,5.74,5.82,114.696644621088,182.319307864343,581262.923751367,113.4,110.1,103.64
2008-04-01,3148.597175742,300.878429837,5386.266581117,471770.168234865,10.676778044,97.379481016,144.817220851,6.09,6.11,117.861978447094,189.763529512205,595550.987856829,114.9,110.8,109.07
2008-05-01,3159.584446564,295.545922448,5391.548961218,483671.455770968,11.01226764,92.788303339,145.729008416,5.87,6.18,118.955037001866,204.084168601596,599900.617494575,111.5,108.3,122.8
2008-06-01,3210.926414898,300.216222871,5389.917741295,495817.977700117,11.341419122,95.25493971,146.274938325,5.97,6.25,119.274474568977,215.731709983733,606995.670103588,111.7,109.4,132.32
2008-07-01,3211.846772686,295.135574946,5399.54617393,506547.121020583,11.650716835,93.906990319,146.812183766,5.95,6.27,122.837069196213,220.030250746036,618023.996611688,110.7,107.7,132.72
2008-08-01,3220.655248182,292.15433664,5399.975703381,519108.303447051,11.496440751,91.052772828,146.948147612,6.21,6.25,119.157460455906,196.146452407417,629420.845109217,109.9,109.5,113.24
2008-09-01,3240.735032945,297.666603362,5405.58323832,528276.559612068,11.34995655,92.799741622,147.245262445,5.88,6.31,117.615319220528,176.610111149824,632729.846769437,109.1,107.4,97.23
2008-10-01,3257.508086322,295.839215371,5404.565108026,540295.498297016,11.185094513,91.297461067,147.618952721,5.84,6.54,109.333871344151,139.423011860422,635691.797411116,106.5,105.1,71.58
2008-11-01,3267.410121617,293.988472565,5396.839959852,543195.803357576,11.248562373,87.706539615,147.927283793,5.64,6.47,108.316374465664,115.020097370491,649563.5135988,102.3,100.5,52.45
2008-12-01,3109.852861955,291.003214573,5379.001685669,552042.847567428,11.255047171,86.261102836,148.007567063,5.25,6.06,105.377456066881,98.1751971066422,658371.410949299,98.6,96.8,39.95
2009-01-01,3309.931729662,302.017296595,5362.779439588,554527.274876964,11.282491541,85.619627933,148.293477367,4.91,5.26,96.4012535358434,102.525894610487,669684.057826917,94.6,90.1,43.44
2009-02-01,3283.029555772,303.973157561,5342.214535035,560647.707842908,11.54459291,87.273001413,149.509361727,3.92,4.41,89.4628664892608,98.2119752226348,680482.428124846,92.5,87.2,43.32
2009-03-01,3283.789344608,295.446065255,5322.139929466,565550.981322514,11.829722788,88.865410421,150.265961897,2.93,3.97,92.2694671995935,100.153654663734,682863.325808362,91.4,87.2,46.54
2009-04-01,3297.892098784,300.321291529,5307.475541273,565587.71935889,12.141762026,88.316283292,150.974287617,3.01,3.64,95.5310807840374,104.094234678276,681514.936285844,90.2,84.6,50.18
2009-05-01,3291.27112794,297.014134141,5294.80729226,568114.582628578,12.194354772,89.051656644,151.518031281,3.52,3.94,96.69276078822,114.859497239805,685135.170764456,92.2,88.3,57.3
2009-06-01,3300.257783889,295.764530684,5279.843063405,571985.798735934,12.239297457,89.177166327,152.054501162,3.12,3.95,93.5233083739875,128.295683464219,694158.903758347,92.8,89.7,68.61
2009-07-01,3334.591797596,301.079058887,5272.811144445,574184.606460497,12.262406799,89.558059268,152.790257523,2.81,3.62,98.5047309454987,123.474614660147,691696.833906,93.1,88.8,64.44
2009-08-01,3324.914663296,301.855624914,5272.392932151,576904.34345657,12.600937648,91.401934612,152.943055256,2.85,3.53,101.779520206399,132.936105625567,686345.596864703,93,90,72.51
2009-09-01,3342.75592478,295.853232349,5269.360997721,580946.441058262,12.950060791,91.068654833,152.882504313,2.84,3.52,102.723441860451,127.599294535744,693823.222917022,95.3,93.6,67.65
2009-10-01,3343.212557726,298.081085732,5267.374575116,584857.379724521,13.27834214,92.182145276,152.847756524,2.82,3.52,101.507729769286,134.800513890604,711194.355429804,94.8,91.7,72.77
2009-11-01,3354.003513828,302.794114024,5268.843053705,584722.94674124,13.658649842,94.336528514,153.356508718,3.04,3.54,102.587902717378,140.776262796198,701208.444387843,95.1,92.3,76.66
2009-12-01,3341.860753999,301.755912774,5273.141539929,588416.748703223,13.403792669,92.856312351,153.499432413,2.46,3.68,100.954051346399,140.68982818976,711436.328996183,95.2,92.7,74.46
2010-01-01,3347.123253899,301.900971364,5288.358134842,592738.67625822,13.368016946,94.46501721,153.964563457,2.86,3.65,103.240810525886,145.909126412955,711882.677833832,96.7,94,76.17
2010-02-01,3385.945472765,296.414877431,5283.582624189,596664.965014175,13.486181642,95.38134036,154.198281988,2.93,3.62,103.148400715275,142.27721828824,715231.160564173,96.2,93,73.75
2010-03-01,3412.521292025,305.968510498,5290.514072357,596679.191228086,14.003289134,98.889041633,154.429565978,2.94,3.62,106.600845533719,148.801379311756,720533.425543388,98,95.2,78.83
2010-04-01,3392.776671029,291.623053258,5306.999385365,597208.725450858,13.887671377,96.37922516,154.638002702,3.07,3.61,106.343058100572,157.866794086464,722900.34789301,98.4,97.2,84.82
2010-05-01,3434.747503883,306.247773339,5321.503556759,602132.17978468,13.59118636,100.918338849,154.929662365,3.22,3.62,99.5594393521448,146.696841373649,737599.455365604,100.4,100.2,75.95
2010-06-01,3413.98344603,307.458857145,5334.33097044,603843.43395872,13.315085306,101.592414569,155.672579659,3.23,3.63,99.8769579532632,143.668649341921,743297.562678746,100.3,99.2,74.76
2010-07-01,3428.133478687,311.666651542,5347.5432802,607979.089654478,13.89572595,101.298710649,155.921124209,3.08,3.62,101.676896777076,144.292507682897,745820.942662785,100,99.2,75.58
2010-08-01,3458.621274588,314.185259851,5353.887496098,610503.327840223,13.881564544,101.68074026,156.066858206,3.18,3.6,101.71893496636,148.619436297858,750649.823027108,100.2,100.5,77.04
2010-09-01,3461.188015009,314.544548511,5367.258369207,614718.521694495,13.951581419,101.800521488,156.933704502,3.02,3.61,104.894101283651,150.367377158593,755668.086489489,101.1,101.8,77.84
2010-10-01,3475.071496074,317.228912373,5377.105941167,618185.851483128,13.887613027,101.405167687,157.469818067,3.22,3.61,105.885803251941,159.614174698539,756634.205070156,102.2,103.9,82.67
2010-11-01,3491.403545289,315.975660524,5386.272201361,622025.707898758,13.808188638,101.615777962,157.676869093,3.05,3.61,104.473726122177,164.920683762208,764750.721165362,102.8,103.4,85.28
2010-12-01,3511.972512602,324.770849027,5398.220686553,623429.74117328,13.949223007,103.049620588,158.364324053,3.1,3.64,103.63829795493,174.793165396389,773758.127286339,103.6,105.3,91.45
2011-01-01,3516.986864105,312.742723791,5487.510426713,628426.618651693,13.907979853,103.820870104,159.827844278,3.26,3.74,106.239072148668,182.396264573945,770014.037999483,103.3,104.6,96.52
2011-02-01,3527.957867065,321.481639308,5502.419379182,632162.224485639,13.705131989,105.462540982,160.082070687,3.44,3.87,104.527331736153,190.066064466061,775692.027707582,104.2,105.7,103.72
2011-03-01,3553.581411797,322.479713252,5504.567206355,635415.417277609,13.746760184,104.224713705,161.196846184,3.71,3.9,104.098464534691,199.914912305142,800017.129147006,104.2,106.1,114.64
2011-04-01,3583.15248506,330.237169269,5512.579811896,642513.729379982,13.635371481,105.735259301,161.601552678,3.83,4.07,106.34827179682,210.366971349182,792141.936549279,103.8,106.3,123.26
2011-05-01,3578.175084316,330.518778801,5515.140989089,648673.586622635,13.592458697,106.774215834,162.440024803,3.76,4.26,105.459285854528,199.713737145541,795288.671781711,104.4,107.3,114.99
2011-06-01,3591.251741026,329.98626578,5523.478562555,653846.443530803,13.698468468,104.543407322,161.990312953,4.34,4.54,105.702615963995,196.294857294025,798010.568355988,102.9,105.7,113.83
2011-07-01,3619.957489492,328.501193084,5525.200016794,656935.997183567,13.580305495,104.824636273,162.040394312,4.51,4.62,103.713776746888,199.082072217641,801983.903316571,104.3,109,116.97
2011-08-01,3632.488427935,331.829534223,5521.676131313,658989.328320438,13.525879643,107.552000551,162.763689221,4.51,4.61,100.994752646463,190.723176097655,817015.602869775,104.6,108.2,110.22
2011-09-01,3645.75314363,337.145717373,5518.60157935,661978.883390178,13.229073844,108.743135568,162.963124966,4.48,4.63,94.5525325973084,188.805156788179,832602.056515864,103.1,106.4,112.83
2011-10-01,3651.735630178,343.044538359,5514.838471126,665054.212431282,13.254884988,108.038560083,163.770081546,4.48,4.66,97.1891301554643,183.033621210378,835850.678323604,102.9,107.7,109.55
2011-11-01,3652.797063706,337.782835194,5520.883671492,676011.843754309,13.062144088,109.005606143,164.876919179,4.6,4.73,94.328014355819,186.347550798771,854843.585384181,103,107,110.77
2011-12-01,3676.597875705,341.435857975,5522.605809189,678252.384098202,13.205168456,113.352581224,165.617377901,4.22,4.76,92.7925694728195,184.10388185102,870089.653980704,102.4,105.8,107.87
2012-01-01,3785.464007994,340.421703143,5537.347236917,683417.034572317,13.2687427,110.01089795,166.434290662,4.34,4.75,94.9509556429285,188.468176126874,875511.284988635,101.8,106.2,110.69
2012-02-01,3664.208983389,337.315969228,5533.268559506,686668.849094807,13.365591986,106.99267308,167.091096538,4.42,4.75,99.4517332613931,195.87711870804,871824.66101923,102.1,106.8,119.33
2012-03-01,3696.927952187,344.461877403,5534.057568426,690999.366016741,14.020962542,107.433942234,167.618979621,4.55,4.72,100.199787682741,201.875944621278,873185.491531929,102.3,107.5,125.45
2012-04-01,3696.123523204,340.590580643,5530.055469712,692730.369857944,14.073290573,108.811986259,168.202969971,4.52,4.71,99.5663301226686,197.472663468225,872804.766706292,101.3,105.9,119.75
2012-05-01,3712.304134991,341.001614443,5531.645135895,694875.392960068,13.913825888,109.271335735,168.398013933,4.69,4.85,95.9591046938267,185.28994861454,883936.372637471,102.1,107.7,110.34
2012-06-01,3744.665081056,338.024877661,5528.316931976,697738.528393301,13.612479312,107.394682869,168.908901533,4.88,4.91,97.5004357899982,170.061755108145,885462.613067897,101.2,106.6,95.16
2012-07-01,3706.920358729,341.650535992,5525.799571188,701048.542759733,13.895120025,108.226164065,168.617437629,4.84,4.91,97.6271390701351,177.979444408427,890049.638424865,101.7,107.4,102.62
2012-08-01,3731.714606121,338.48374688,5522.869811977,703790.459978775,13.990178691,107.723776297,168.814721718,4.9,4.91,100.205834474857,185.472000300961,896870.002713361,102.6,107.6,113.36
2012-09-01,3730.721239696,343.068790923,5517.341242454,704780.216394305,14.085149041,107.729953028,169.032295018,4.88,4.9,100.38917365563,187.160611912483,896093.258908458,100.7,106.3,112.86
2012-10-01,3744.342856997,338.743570529,5512.6749781,705607.624664173,14.060894531,108.47180003,169.42643652,4.79,4.83,100.77845413639,183.196358522209,902737.061718514,100,104.8,111.71
2012-11-01,3754.209704519,340.428393026,5502.467421773,707202.52024106,14.193916393,108.170639793,169.65456528,4.7,4.64,99.8368544074161,180.534939816473,903434.853129202,99.1,104.1,109.06
2012-12-01,3771.381472221,336.603854538,5491.899289279,709250.455723325,14.841076826,105.099174265,169.862157649,4.37,4.33,101.492261560635,182.27083032545,909359.888705621,99.6,104.6,109.49
2013-01-01,3782.923437971,343.140929059,5494.307395119,707469.548692235,15.280526009,108.285812762,169.761314972,4.12,4.12,100.61739694934,187.449239700663,914380.741314286,99.3,103.7,112.96
2013-02-01,3791.387086785,342.708868226,5488.914377343,709891.396414656,15.148475953,107.89299773,169.722653138,3.92,3.87,98.7330095201612,190.630757608992,920033.819966233,99.4,104.5,116.05
2013-03-01,3762.793744671,340.448611172,5483.961251305,710504.733356618,15.277718931,109.031257165,169.774957663,3.5,3.48,99.1690148634531,183.752631511473,930645.872091215,100.5,106.3,108.47
2013-04-01,3801.195611585,342.558735263,5477.696136184,711786.26822966,15.404207313,106.83783213,170.04922564,3.32,3.33,101.027711738576,178.905484475323,937471.519089538,100.6,106.3,102.25
2013-05-01,3786.951701574,342.858683593,5481.39281877,713437.956619516,15.226221768,107.293900369,169.784016487,3.14,3.09,98.7825001832304,179.490925331874,941584.190012255,100.5,105.3,102.56
2013-06-01,3818.729421248,352.878245007,5485.88174798,715383.438974277,15.215069258,112.542591779,169.946849539,2.82,2.86,97.3779942676252,179.158834906009,947352.205326626,100.8,107.2,102.92
2013-07-01,3838.056070661,351.092042948,5487.561161429,717848.308321942,15.766688195,112.576643061,170.886580612,2.47,2.65,97.6348163149936,183.591751202845,948409.855591836,100,105.6,107.93
2013-08-01,3835.488718924,353.057489735,5494.86414085,721140.930374834,15.841635642,112.818417518,171.060167638,2.59,2.62,98.6500224463595,185.833880730513,951376.696177716,100.7,107.7,111.28
2013-09-01,3855.013748364,356.238399049,5498.416114117,725575.412856894,15.687541801,112.44678466,171.286889013,2.55,2.61,98.83445103557,185.153465965144,950851.523473297,101,107.3,111.6
2013-10-01,3867.239713898,352.596951541,5501.990368721,727589.612570794,15.852548479,113.537443086,171.277143546,2.55,2.6,100.302812021846,182.183615693137,955780.724737415,100.4,106.5,109.08
2013-11-01,3884.976727456,354.937974182,5505.076519801,730468.440780205,15.87111892,113.302361452,171.030270332,2.59,2.6,99.9876092283027,179.604222781326,955073.382523716,101.7,108.4,107.79
2013-12-01,3885.577563011,354.559265332,5505.961572779,734589.49797735,15.756491006,109.930424203,171.211915039,2.48,2.6,101.25607645287,183.930302169608,965960.576168454,101.5,108.6,110.76
2014-01-01,3894.958045985,355.783155334,5494.520984552,737608.044653663,15.564228466,112.598856896,171.18398767,2.63,2.61,99.846667090486,180.058026700806,963412.559783821,101.2,107.9,108.12
2014-02-01,3926.680670143,364.565304141,5499.667749098,742836.57972172,15.575510618,113.243721614,171.346487398,2.53,2.61,100.758764269925,183.250643593148,968265.475689047,101.4,107.8,108.9
2014-03-01,3922.901852397,360.973941945,5509.322887498,746251.861787524,15.428726974,112.1222453,171.317551085,2.59,2.61,100.369605967081,183.138923440199,979018.969533399,100.9,108.2,107.48
2014-04-01,3936.12913581,363.226100831,5513.751254129,750536.97261064,14.959105802,115.295647734,170.884836212,2.57,2.62,100.882065500561,184.672272585315,988537.534437917,102,107.8,107.76
2014-05-01,3965.342963376,360.356706388,5517.506144385,756438.745482846,14.951421289,114.622706812,170.635388559,2.6,2.62,100.119789357106,184.272980961926,990989.86344623,101.3,107.2,109.54
2014-06-01,3963.045380978,358.033168458,5524.744132405,759691.636359892,14.877121603,112.449469757,170.759495875,2.65,2.61,100.991178026639,185.205461461016,997011.241993298,101,107.3,111.8
2014-07-01,3974.556473559,363.859666031,5530.340114982,760391.204882585,15.003992442,115.571557426,170.866558907,2.61,2.6,99.9646657650167,181.314305954765,1005656.95154364,101.7,109.1,106.77
2014-08-01,3982.608710536,366.290622292,5537.257565913,763464.5292497,14.901425532,113.084216202,170.817770531,2.63,2.6,98.5698307852961,175.304993436742,1022081.41163478,100.2,105.2,101.61
2014-09-01,3991.172447945,365.181560738,5542.098928407,765382.21983984,14.820019634,115.327952096,170.866674284,2.6,2.52,97.9730409437427,168.5837752079,1025726.29012404,101.4,107.8,97.09
2014-10-01,4007.435765808,364.245631672,5547.822821381,765494.172829539,14.707895606,115.578240396,170.551856709,2.2,2.14,98.2683486168547,157.629808274063,1029092.71735275,101.3,108.2,87.43
2014-11-01,4011.81480234,366.42217083,5555.263292652,771067.788301758,14.84745326,116.048438319,170.314465415,2.09,2.05,98.4110901126321,148.486074791547,1035059.80239603,101.2,108.1,79.44
2014-12-01,4038.429784439,362.905633751,5562.309499289,771892.308518371,14.915735207,116.02495122,169.771723145,2.06,2.08,98.0822955617509,130.873965585846,1044845.29380592,102.4,109.9,62.34
2015-01-01,4040.679745156,369.207585301,5560.39918729,776701.284600683,15.015911002,116.896276082,169.300828619,1.99,2.05,95.2064777211392,114.784608220408,1045753.31527224,102.1,108.1,47.76
2015-02-01,4053.371242122,371.21179511,5562.772311495,779922.946549102,15.001392797,118.454794423,169.066235618,2.05,1.96,97.8500356670422,121.119071760706,1052536.42661059,103.4,108.5,58.1
2015-03-01,4091.943658823,379.086028307,5567.468472256,786102.250829662,15.028061043,119.772222292,169.159734286,1.68,1.67,96.2200532279755,117.271971076001,1064638.04704606,103.7,108.7,55.89
2015-04-01,4068.701835209,368.878751094,5572.495539027,786266.407184525,15.081130689,117.547263713,169.410683315,1.6,1.64,99.3008133311449,119.565896787802,1058445.73888148,103.1,109,59.52
2015-05-01,4087.610337409,376.935829832,5579.313338816,791277.316884017,15.280620058,119.781623419,169.361415468,1.55,1.64,97.7441145774567,124.88995529481,1065733.24666795,103.2,109.2,64.08
2015-06-01,4074.321683748,374.811692164,5576.694301303,796726.194911516,15.467891031,118.395180453,169.460840005,1.59,1.65,97.4297996396361,122.842306536906,1078661.12941669,103.7,109.3,61.48
2015-07-01,4093.119417981,373.431129495,5583.427096303,801235.907758705,15.627841669,120.198568556,169.66669559,1.58,1.66,96.1980902721798,114.841136507666,1091140.71398285,104.3,110.4,56.56
2015-08-01,4120.67414908,376.78056572,5593.007079903,806417.867011972,15.854853377,119.838574513,169.601108912,1.65,1.66,96.6744599470815,104.311243235974,1096242.38224092,103.1,108.3,46.52
2015-09-01,4146.419565708,374.461565602,5600.258618785,808951.334125635,16.102427082,119.856737922,169.177327493,1.61,1.66,95.9451221298457,103.605364651123,1110825.96261813,103.6,108.5,47.62
2015-10-01,4156.546088212,379.840020872,5612.993834616,814135.815087797,16.319919819,121.470227687,169.044557305,1.59,1.67,95.1659942219888,103.539647093478,1121237.62713375,104.3,108.7,48.43
2015-11-01,4168.55940851,384.31951279,5622.835833625,816785.505126012,16.640699524,122.7474818,168.907643395,1.6,1.67,93.5792698518329,97.4769409030043,1131708.37271575,103.6,108.2,44.27
2015-12-01,4192.542040361,387.328683858,5638.993928944,820339.61139868,16.891521179,123.067523384,168.517382806,1.52,1.66,94.8960082001065,90.8448337241792,1139420.1785995,103.4,108.9,38.01
2016-01-01,4201.368217775,381.610214063,5690.018068097,826996.109362407,17.173554482,120.331317256,167.674877681,1.53,1.63,91.6397418118879,83.217741653778,1152191.27406206,105.7,110.8,30.7
2016-02-01,4211.677671774,383.55145576,5699.768950059,828707.932870963,17.125068444,122.800658687,167.338311077,1.39,1.58,92.5321479132143,83.9825444409422,1158641.30849341,104.3,109.9,32.18
2016-03-01,4214.435785105,380.825210138,5716.656417333,830930.055095633,17.116923642,120.795984574,167.368892035,1.43,1.56,94.3182849581826,92.3846507131672,1161156.80233985,103.8,109.4,38.21
2016-04-01,4254.664675439,393.021407531,5725.072928333,836495.897033963,17.134499798,123.732625578,167.419568654,1.63,1.56,93.3424260555101,96.4435493885686,1181208.37836283,105.2,109.9,41.58
2016-05-01,4251.562827259,393.588505513,5734.96294124,836759.617211224,17.31434654,121.632966501,167.577457063,1.6,1.58,90.8137988782584,102.225725286612,1189261.99556874,103.8,108.8,46.74
2016-06-01,4260.941530992,397.554477726,5750.814916468,839194.04622023,17.483181392,124.968851162,167.977615267,1.56,1.63,91.7673945658573,105.520005768946,1201907.92420795,104.5,110.3,48.25
2016-07-01,4292.217184647,396.573810732,5761.49228865,843292.732391565,17.625136532,121.165678154,167.902635808,1.61,1.65,90.9898612351209,102.816129400063,1208222.23604554,103.9,108.4,44.95
2016-08-01,4292.132283095,397.68151636,5766.372968624,845996.749842862,17.659170444,123.80043191,168.230170763,1.58,1.65,93.3449788262965,102.759097413772,1206649.9529715,105.6,111,45.84
2016-09-01,4303.536021445,399.430085324,5779.250925797,852922.831536581,17.713528363,124.056871208,168.322262003,1.66,1.65,93.0898228925849,102.485169621655,1214866.53724344,105.1,110.3,46.57
2016-10-01,4319.78171137,404.145975145,5786.190476688,856398.08302209,17.737981779,122.876581228,168.771207667,1.62,1.65,92.9882769008494,108.178111897622,1218973.32217815,105.1,110.4,49.52
2016-11-01,4339.303226135,405.236412054,5799.023177827,856949.555994849,17.880146878,124.215610066,169.029414633,1.49,1.66,90.8145178219663,106.578038432212,1241458.98377927,106.9,111.1,44.73
2016-12-01,4341.69214328,410.84590177,5812.901319995,860342.602499763,17.952982404,127.940697892,170.083570285,1.47,1.66,90.1828689213414,114.365664132072,1248527.2981549,105.8,108.9,53.31
2017-01-01,4380.676728415,417.884138914,5946.400684534,864367.056208964,18.056652662,128.82874576,170.630995053,1.56,1.66,92.086236344208,118.172576699369,1250242.02096901,106,110.7,54.58
2017-02-01,4395.521603172,414.74682036,5963.349666323,869039.713935247,17.907445167,127.613866265,171.078511603,1.6,1.66,92.1369626585513,118.615999458254,1253513.30743535,105.8,111.3,54.87
2017-03-01,4428.506848219,416.207925283,5970.951498774,874599.933037255,17.798139014,129.912134235,170.741033477,1.57,1.66,93.4518064453315,113.314944843514,1251860.36202514,106.2,111.4,51.59
2017-04-01,4439.374316771,418.886902406,5984.984833146,882259.193521384,17.714253295,129.025000945,170.795896265,1.61,1.66,94.3175093600392,113.226876101898,1260210.09232413,106.5,112.3,52.31
2017-05-01,4464.582766953,417.573745624,5991.145919135,886309.615105237,17.848833125,130.096377919,170.763121037,1.62,1.66,96.1230785886866,110.589461568073,1263741.32655521,108,113.9,50.33
2017-06-01,4502.637247059,419.609725623,5999.688211479,890483.10513843,17.857393838,130.38364862,170.579051413,1.56,1.66,96.0604576905832,106.8409773727,1262265.57818067,107.3,112.8,46.37
2017-07-01,4510.52837901247,425.721270213298,6017.7663691669,896550.233599819,18.1136800812468,130.037697717573,170.705935526021,1.6,1.66,96.2274467521923,111.702622019161,1268491.22783381,107.699255813953,112.7,48.48
2017-08-01,4551.32989467136,425.8822122777,6028.9232661514,901596.871599334,18.3383970855003,133.459349793659,171.125687431313,1.54,1.66,95.7995372818192,119.121814323239,1271832.95851744,109.296279069767,116.2,51.7
2017-09-01,4566.10619678424,429.566408461744,6037.89923169405,904880.381899092,18.5839320010485,132.072586957861,171.787876697734,1.67,1.66,95.7264795673652,129.375045923595,1280321.06695186,108.697395348837,114.6,56.15
2017-10-01,4604.60325213329,429.799374744802,6045.44828518653,911050.793795724,18.7079049594099,134.451948851284,172.257250453397,1.53,1.66,96.1126417723361,132.508617828423,1287413.81972033,109.096651162791,113.2,57.51
2017-11-01,4614.79442782331,437.98935398186,6061.49827657888,916500.008737674,18.7502917107094,135.046207935843,173.043425330795,1.52,1.66,97.4172438161565,144.489922170412,1296756.98208931,110.494046511628,117.1,62.71
2017-12-01,4656.35778522144,435.093368184095,6078.58326908973,923561.156462622,18.7926784630052,133.822392296293,173.285021324169,1.51,1.65,98.0121423481386,148.314723171894,1306260.32525906,110.893302325581,116.5,64.37
